Bairro,latitude,longitude,cb1,t1b1,t2b1,p1b1,p2b1,v1b1,v2b1,ur1b1,ur2b1,cb2,t1b2,t2b2,p1b2,p2b2,v1b2,v2b2,ur1b2,ur2b2,cb3,t1b3,t2b3,p1b3,p2b3,v1b3,v2b3,ur1b3,ur2b3,cb4,t1b4,t2b4,p1b4,p2b4,v1b4,v2b4,ur1b4,ur2b4,cb5,t1b5,t2b5,p1b5,p2b5,v1b5,v2b5,ur1b5,ur2b5,cb6,t1b6,t2b6,p1b6,p2b6,v1b6,v2b6,ur1b6,ur2b6,predicao
Santo Antônio,-8.064006,-34.884682,0.0,26.26211471240812,26.4950682815319,1.952146223448356,11.362440679301882,0.0,1.1887392296391897,70.93463956317203,69.1941518673849,2.0,25.17088453327237,28.29193260185545,62.84526211320743,21.18818649093996,1.469795216162913,2.887234719017685,82.60827079801865,77.1522984147471,2.0,27.09969523134543,25.27732274561837,33.978659365213346,206.54182908300032,3.1523425769646227,0.5257859782769092,82.66088966662115,83.66103925885233,1.0,24.737370426965114,24.8654261969788,225.12906111514496,8.931342893604,0.2646246612863632,2.4408230198418392,79.04161298585342,70.9713844472941,0.0,24.794024442825943,25.247695335107245,11.67719094507272,9.437637000435195,2.628977866013493,2.2225337663323805,74.80213871684292,58.991161519383,1.0,27.16987486814805,27.783804297283464,14.028700423846708,14.028700423846708,2.031302027014515,0.8472640230296907,62.44487990303578,61.984067589078414,0.0
São José,-8.074624,-34.896318,5.0,27.83627847467725,25.43670727706806,0.2155454557728831,10.047274347093644,0.0,2.464393015767884,74.32888218981353,74.36553585604264,3.0,25.183291079290964,27.739585356069444,93.01297309708974,40.48935607668152,0.8289504869766559,1.9912946442441417,69.51011408730426,64.27898550994237,1.0,25.553654990921217,25.4061313475994,12.388074703574633,190.3041446225082,2.9241765938493227,3.561349891432915,75.40068110006936,79.94755898828296,5.0,26.651642131175077,24.6699364147893,162.9465045216509,22.657809965665827,2.748967685262852,1.0787357397950963,79.68864739061351,69.94780325779159,0.0,25.66433147581568,24.601573389744388,18.606743538418087,13.159546034058922,2.0836767907914515,1.4815615289078885,67.0209468907457,67.19471425690496,4.0,28.276593757282992,27.709527233234887,1.232892559593524,1.232892559593524,1.7564127693535,4.2742199117413815,73.42311692967958,70.0758018551045,0.0
Recife Antigo,-8.055544,-34.879076,0.0,27.30465673692271,26.05891819642688,22.59404720817779,32.67158626153376,0.0,0.2249685933974594,70.05544141271018,71.28553981344803,2.0,26.730301506688427,27.289658815168035,110.811413168128,13.063173345934654,1.9466523085630072,3.4842355006317667,89.89681533342458,81.40015802104772,2.0,29.81856198542153,22.983158916544195,62.78973996670073,126.84711454629044,1.0481136524780474,3.70496466100822,85.82089249668469,82.43767354238592,1.0,25.37923897812857,24.45997466224849,56.59718698692868,36.06750743481971,3.5638670401756323,3.232918420697403,77.53590967093571,73.15401145607748,0.0,26.22397647432679,27.00106259662273,12.030004370308,9.549932780626836,2.722756808435165,0.3818238626283212,67.60785869985546,63.10020202385493,1.0,27.78952640852603,26.748955762824632,13.761358913029454,13.761358913029454,2.419960266877208,2.015002863350848,67.41866657933173,64.93971834809011,0.0
Cabanga,-8.079671,-34.899717,5.0,26.191564523159556,26.398486374068163,11.92744471342657,31.25136594974342,0.0,1.7990945577220858,71.52977614898377,73.31241489498301,3.0,27.05994763367065,27.930693656790897,197.96266513322905,9.04216653323767,3.497958669105132,1.5035297870827502,84.62720062138206,81.55399356072057,1.0,25.416809772106543,24.810994711236685,46.85740182913959,178.3498508151382,0.9176418304881004,0.1606872175985598,76.15881894392936,78.18599819173771,5.0,24.18401505393601,24.8906063940186,181.1842287083695,16.59705259695944,1.6310318990155046,0.8169640671353294,76.92119587493033,71.76000490081599,0.0,27.941614709245243,26.94430745785916,18.33623482627233,8.701881730174506,5.239443734203764,1.298152632505778,71.48234243339266,65.95734544863791,4.0,27.47382201100861,26.67710589212488,6.389476816958918,6.389476816958918,2.0132944052160986,2.1273032924786786,68.66154648977427,74.03219362606453,0.0
Coelhos,-8.067462,-34.893743,15.0,27.01252413648246,26.44846117642454,26.492878840599605,16.324846197260435,0.0,1.2824808664911995,67.81898258109288,74.10507205571167,2.0,27.988190659335768,26.6948295933387,184.64942864297876,26.34204466921,1.8700611112749717,0.2445433526546383,81.46563194038775,77.19988033667529,3.0,26.60522683603447,24.18994765876992,53.87551961366967,226.93457310889065,0.2253198725112632,0.6747689722096379,76.68809838008654,79.33121282652516,8.0,24.37919522059974,24.24510195505337,37.23373956952486,36.54178418371505,3.4227209469023143,1.182180734020101,74.99552421477847,68.27903825527412,1.0,25.97687804549533,26.532529758025436,6.264048896892167,2.474642470521246,1.8467180528094267,2.241574413767395,81.5758038977457,61.2343471143305,1.0,26.595330230668708,26.58149591699149,6.597335827461483,6.597335827461483,0.0290065374854573,0.1695319769854908,65.80973528509773,64.10709292919852,2.0
Ilha do Leite,-8.065473,-34.895832,15.0,25.43609997564809,29.213125503242157,25.77745046415417,29.91121333934033,0.0,1.5323671230903289,76.38504711321389,76.3786428731458,2.0,28.25579212745359,28.07383848276472,116.90330182123772,6.160411953360779,1.787834743079424,1.6527776649482904,76.78186946072633,82.28462328880022,3.0,25.170608402267074,24.70406223483045,84.46602709308229,166.31925078424766,1.200568845984107,0.0637420163568371,91.75334061150592,82.78462511880362,8.0,25.89190623788796,25.74256514029161,222.0478930433956,1.1599755927578563,2.894019546025633,2.285972200530005,73.98211118499826,74.5472230134718,1.0,27.425422902293214,25.682400512840367,4.383873820157859,5.384494023232283,2.396967521055429,1.972331943260404,59.545698346942096,63.46009672998824,1.0,28.368878759335736,25.464891545972044,5.883441687342449,5.883441687342449,0.1723008458332469,0.7307436870898054,66.53012305320956,67.40217200741449,2.0
Paissandú,-8.063493,-34.901822,15.0,27.536066743972174,27.351952611659453,39.56916369349965,20.237177834186696,0.0,3.877587622572985,75.19519603318639,75.66636680251885,2.0,26.770978908749235,28.35343109646254,88.01297329163368,54.61567332182575,2.3704424791664627,0.5354872166936047,79.54992703348059,71.73958272812699,3.0,27.73115802710248,24.731241110580694,59.25955627179376,89.44183551601894,2.7310162585495883,1.992283562011821,76.30346561831108,76.04122793640607,8.0,25.85689015756989,25.601141690554407,228.12252574568885,30.46401952039282,3.0292464020972174,1.7960971073564655,75.3783318261978,74.5164582479463,1.0,26.36017124919944,24.64158169305225,16.310007363718945,4.301196552202695,2.8438549398110924,3.129947019594552,70.08899861049106,57.84122475820401,1.0,26.75240848343588,25.548331622892142,6.42744826149845,6.42744826149845,0.3821345805834129,0.4807799864709645,66.14749434294616,66.42648800968252,2.0
Ilha Joana Bezerra,-8.071492,-34.901772,6.0,26.69757623216712,26.048282999697594,56.67552043218426,17.870314483506114,0.0,0.5787790527845506,72.96238392476614,76.61512232694342,8.0,29.42063685518418,28.493341373848637,165.90114353075285,32.012733290113324,2.2832315665932086,0.0946583829332579,80.13826350170012,66.45495751213589,6.0,27.10728387433316,25.97376070283059,98.82150437035224,222.9980413939818,0.5861911941996202,0.9304524000871562,81.36513539988998,78.41694878870452,4.0,25.722393689445497,23.80859360573191,155.21426124489352,27.205028504960037,1.4093893203707322,1.4046274507500451,74.43900560164377,71.7660964578271,3.0,25.9994015511078,25.083647368699605,11.19064948745166,8.712584745688925,1.3163698015006609,1.1672336514265522,68.69699748731108,63.406004868519815,8.0,27.372303206779637,27.41287341134204,2.766875878106461,2.766875878106461,0.1245834833406429,0.0012270222549706,67.07515542672222,63.82775423447363,1.0
Boa Vista,-8.055534,-34.897606,7.0,27.006122647196428,29.538080840818083,30.705887542414917,21.215955687969156,0.0,0.1766004318507503,74.97063110573377,73.90503781919143,2.0,27.033553580518,27.16385863075168,162.40488663372918,18.73230969104381,3.366714312608793,2.457366150576492,80.92643726051182,77.04915757108544,3.0,27.02819865330705,25.71274603317348,67.09879796218952,176.30985404285235,0.9935879998594642,1.2661632782060388,71.58582115254883,77.29563601575917,12.0,23.986089147759568,24.1352319646666,257.05915324906283,25.847906500088868,2.484052907760109,0.7041537499405374,75.72899852948377,73.79065725060727,3.0,25.695083964761626,26.93497038722846,23.979062629862756,1.304864144226733,2.43930101707382,0.1961728501551356,66.13067489945806,74.30669111528648,2.0,27.65796780752996,27.837828649666296,9.260739035970971,9.260739035970971,0.1352099504433439,1.0668601778689446,61.04157443726616,71.44197438044009,1.0
Soledade,-8.056605,-34.893988,7.0,26.61082122198608,26.63318871108629,2.7328949468133743,8.704171802991317,0.0,2.78191165614421,63.47921836543092,69.73063849394256,2.0,24.40831886721171,25.15421688678496,81.77617718922772,18.475008890961902,3.090235726310374,4.174655501974415,75.92792120307894,78.1809004425298,3.0,26.96114987112681,25.39325075482634,57.12883323727712,237.81815262570592,0.1998317660667776,1.1217682323008566,80.76763070770802,77.63988547889834,12.0,23.302144366707022,24.03639307655439,133.65943624486374,53.78654741214592,0.411808474730558,1.96702534214843,74.75782068931295,72.77105658154983,3.0,27.817794863819422,28.54176174776464,20.741045896326614,4.712651174251273,1.3141030992168017,1.7617844078245124,70.86943852368185,59.50846247515194,2.0,26.042982616571877,27.58793966518085,1.1801978608396553,1.1801978608396553,0.6932589573496581,1.916399441977145,59.73181517021187,71.5912533803978,1.0
Santo Amaro,-8.047722,-34.888467,12.0,26.10280216273332,28.435536232208975,40.89308504213231,29.593268583405667,0.0,1.499718931052901,66.47586478376326,74.41185046189672,12.0,25.246393798343032,27.079549335033093,6.653099218620199,18.07572850883729,2.215764193067419,0.9131555414980156,81.69283115740016,76.64175440206128,9.0,24.933403975580543,24.099420743380566,50.1716762256421,58.16700930886758,1.2649953945738963,0.3414409833529964,75.72903745466523,75.3870925958476,6.0,23.83742000660768,24.966797307470664,124.78225986244132,45.653553018025605,1.1672159000094888,5.133801001428306,78.64703597161805,77.96248451965708,6.0,24.92728005628504,24.96322795129772,14.77087365661677,9.814206294956929,0.7974915168361565,0.9712048780575596,66.56794549305124,59.88570607718621,16.0,26.387661827966674,26.74757849804877,6.398884742946621,6.398884742946621,2.9856007660130057,0.5606100811338168,68.84896506413821,71.04304314066235,4.0
Dois Unidos,-7.997308,-34.919901,15.0,25.905389500688106,26.872102731897705,4.588195656832031,20.63933380451127,0.0,0.6696748632831803,72.48561790349089,70.34086988147064,14.0,27.684653733193244,29.102940733497547,132.63418178487575,21.974579069568605,2.3297146688709858,2.307529457579909,84.72474253279734,87.1243633042613,3.0,26.73700924318177,23.51379357783261,124.87843684038909,215.3327407962985,0.4533668462583254,2.39813713735874,73.37089356661313,81.81955829837199,2.0,22.80218381787046,24.98087041068019,149.51577375870738,38.1711056068764,0.0208016052565227,3.109287338945405,75.52723740836853,67.96809071412962,2.0,24.68248808235275,26.47390160231628,5.694386837740119,5.431316679721771,0.959850872600771,3.1598930632162374,63.99683877365579,61.12833382073672,2.0,27.695424239068057,25.33026102089728,1.3641566105881724,1.3641566105881724,3.731911746021364,0.0056525224459982,70.00086683679424,66.51032371558436,0.0
Beberibe,-8.005714,-34.900559,9.0,26.90208397626581,28.12221509075931,29.20466100658374,23.837024289423493,0.0,1.7526186256578915,70.62614287949019,73.08533591836188,11.0,27.12984303860695,28.15033015343532,96.9446773432324,26.000453563798715,5.165855940932556,3.012077127930344,81.06803957524477,78.34857814033141,2.0,26.16878865182308,25.417161324412948,14.848500683433729,125.05280953357618,1.7174311562649174,3.889085013802001,80.73663205749887,76.87312953491015,9.0,25.365880550014133,24.412342885326687,28.98256713760111,71.72891649430754,2.6154437266130346,1.260036889607117,78.65288056979833,76.90112012096225,5.0,26.254848242881767,26.7420824054255,4.5086784866647065,13.955288623486194,2.907757212311288,3.649646080830272,73.84224796456712,61.663116189094254,4.0,27.3091896841432,27.40828018567053,7.072213455373813,7.072213455373813,2.0435344490072844,3.5735344607503183,66.49276224987298,67.48058799644906,6.0
Linha do Tiro,-8.008861,-34.909832,3.0,25.90432994575684,27.210209024030387,19.03684294504227,22.511344070805112,0.0,1.2991496587414662,69.67066200574746,65.74532594870342,11.0,26.903553404775835,24.626272887994794,168.92300935059868,15.267695250422175,1.570832823305934,0.9530884034207048,78.93708270841017,89.73547276895565,1.0,28.65738764429612,24.55784145228966,136.142752781864,195.97866058542576,1.3682837124517266,6.296173524287617,73.77272207058394,79.10584794273572,6.0,25.868818313336504,26.55193396944921,164.73594449587924,11.7537486846364,0.4849225364529868,1.3540896105184503,80.97829840329159,77.10465372207008,2.0,24.749400009045303,26.845875169399765,13.065455752713534,9.985459933672413,0.855245004186511,0.1851004068949204,62.78720110540864,69.59677648226933,3.0,25.61929728888064,26.26691340310264,1.7500552756333343,1.7500552756333343,3.342430069089298,0.9351709335047308,67.51163644199539,69.71272193771546,3.0
Água Fria (Plana),-8.018517,-34.895668,23.0,27.737144397556342,26.59965464189538,30.803790568542453,21.681081434323332,0.0,0.6341180425743188,73.37967729121364,73.83944553176265,18.0,27.224003895991014,27.064669260371407,125.69619597564316,14.751896842015604,0.4631340942815622,0.7830324765843657,78.40177406099579,69.80082429509037,10.0,26.484222027890805,25.02558547210396,20.10506924739915,93.16672653088364,0.2652168145611208,0.9016367248036028,79.24894251208316,77.02916780333213,14.0,25.968113706967465,23.484708253294556,154.9685440567902,55.840551733820526,1.1998248065403467,1.4117234447692455,78.2706562896993,72.19580087483263,11.0,25.455664858422136,25.88701021249518,13.167101378881238,6.728746244749306,1.2936597713310234,1.873888555730304,63.95095057339503,59.55836556897295,4.0,26.451352055632963,30.068290123637954,1.695698826249945,1.695698826249945,2.9124271735042377,4.1915539875399945,59.38138571819559,70.93917145894184,3.0
Água Fria (Alta),-8.01577,-34.903951,14.0,24.9447423854174,26.60675832264332,8.377637102138516,17.107683351597395,0.0,1.0674672540491132,71.91651047980274,73.78465960164688,25.0,26.76697902302097,28.349886960526756,235.28539391224385,32.71069221953772,1.8645866153644584,3.4292112591257067,78.97694108789729,66.51209904762847,15.0,26.65145861437912,25.73960511575335,41.19448285616308,91.86246686805562,2.8073198951065184,2.808276300878059,71.72242171834498,76.93539658179678,46.0,23.748769234711144,24.03054250915268,92.4835308586247,35.03464620731352,2.0626611258625944,0.5747875590409905,79.06684395639336,68.88101695758449,19.0,24.660374335609585,24.672051099731554,11.122136535648238,5.148153153660922,2.3369009358777784,2.408117470598607,62.346365132035366,65.29151617253235,20.0,27.192563818108816,25.478772822019245,14.786385358403558,14.786385358403558,2.0238188788280635,1.1996965489169724,73.02351845328755,69.79109169922421,12.0
Porto da Madeira,-8.007391,-34.894082,1.0,25.87107587013611,28.62614380189425,10.279920971159155,25.14150883028329,0.0,0.1068926674081591,70.03748046797432,77.30106345520478,4.0,26.986529919517835,27.32592187362567,108.62947695692073,8.828148865488947,0.9448748672463824,2.2911807376005875,80.39714957774767,74.86950650758114,1.0,26.428139264089328,23.06295325371632,58.65051595377729,31.165714033628177,1.499013925961208,0.962905765361455,75.31399896386525,74.52845065010645,2.0,24.74039892147255,24.936080873739712,266.3332119586128,32.58915180804301,1.9386135023544624,0.8367593483666428,76.72902077295664,66.80542464976422,4.0,28.56909587845321,26.28028040699403,21.699697569849985,5.757337750534999,3.83517144213822,4.107539935383512,70.21155469539076,66.23418590982538,1.0,27.711324177271127,25.68212156508742,13.244988210123465,13.244988210123465,1.0277987631103969,1.4244658059229054,69.11894704698798,67.98089153463971,1.0
Cajueiro,-8.01126,-34.889142,9.0,27.65819377636833,25.66924767557896,27.42304305482805,23.239886389310698,0.0,1.8218409088987575,70.57651796273224,66.76357899656242,3.0,25.47512488529541,27.38542182190724,58.46630365685298,49.19028783383223,0.6968634706717481,1.4491659539240578,76.23640196237932,72.47841267720756,7.0,27.531708241566754,22.98515280337673,46.31347307616285,245.49915988864277,0.6884314887816481,2.47168880008694,75.59537700723259,72.01198858384976,5.0,24.34741592378435,24.81937861374493,154.5019856723116,54.110624593297146,3.3388211060355406,3.591194493251824,77.02130581947992,72.46116849934228,2.0,24.60435165862577,27.151106947770398,3.714587041754863,8.771503915372262,0.3393525089793876,4.075005538876764,56.45768477446245,59.272881430101855,2.0,26.67828607156611,27.09859774235614,6.747353857275173,6.747353857275173,1.898811077269701,4.372616966231578,68.16762210808922,69.56856269041502,7.0
Campina do Barreto,-8.016864,-34.886829,5.0,26.738373675517742,28.35771418727909,31.90057730517664,16.926383273855688,0.0,4.037739682181963,67.697621336956,69.19848055899175,11.0,25.616189982144444,28.436799558501114,158.85356790660097,0.5049412529301058,1.9104474722093725,4.640737946713266,74.45731789253915,85.00452324273033,11.0,26.6638654948002,24.98826335967642,89.98668428441171,102.9539426161171,0.0046235082429837,2.601686120237362,85.4834314967804,81.36946232974834,16.0,24.68975770764558,21.19314162401793,154.6164504464528,40.10014296110033,3.173560938597502,2.607915105300098,80.27251218496373,72.94449577224844,8.0,24.63625288659617,27.267046089188423,20.37804134782764,4.932911607879423,2.765593543044964,3.3501030528881253,60.81059793660089,60.097157045942986,2.0,26.316958921867524,27.165116753739863,7.571128574916049,7.571128574916049,2.682390570779167,3.107260762112806,70.79947540579624,65.23486536246656,0.0
Peixinhos,-8.019429,-34.88123,15.0,28.103945403385563,27.35717844958297,31.312353861639632,13.250317610333388,0.0,1.0543522147530555,75.49208240287233,70.21135903477894,13.0,28.62372677934204,26.873596628738504,84.95121530452406,17.273440823335093,1.415723256703843,0.5299609949106036,68.90107055617602,83.92080705241206,4.0,27.096050452426702,26.51771903890008,112.71700082952272,24.164049770446823,2.1605286393152765,1.2513723297194068,79.23765124003684,75.8996614864828,30.0,23.27282330318768,23.24248906772539,170.4065819617545,0.4680178611431138,6.315927353096732,0.590886378127677,76.5678104830902,77.3653986401798,6.0,25.94932263961222,26.658344654581715,25.146775620436188,5.412288977528875,4.316871868549958,3.3701085754118187,61.26095299787591,63.677568919294266,6.0,27.66421835985333,28.193520141539484,12.658901335089606,12.658901335089606,2.735075194336337,0.430320731402108,59.9042947245568,66.41158001536132,3.0
Arruda,-8.023886,-34.898349,3.0,27.28371053570709,25.52477897971146,28.57391768065471,19.852629092617885,0.0,3.0906609644685457,62.339982078254,71.18629147149217,6.0,25.853727176257244,26.735498543989795,87.06297668948689,14.215848354731987,1.30553557378979,4.117813112922679,80.96729198218299,83.08581026059704,4.0,25.88431728621603,24.120573748646507,120.62707931099136,170.24680542118733,0.8291298514563914,0.7605921986924631,83.80030489075875,76.87171968177124,10.0,24.257957057914265,22.411140580696475,93.9710190676908,4.92028951059454,2.566556007297391,5.106699273916794,82.67274876756815,70.74694378701972,6.0,25.809229194460936,25.001479101512444,18.915220362010988,5.145749684642488,2.3665828181650097,2.080844836918888,69.8143371472789,64.14104041147358,0.0,24.944326688010037,26.668111113557146,1.380194517441259,1.380194517441259,0.561001060937335,3.906483160377231,59.31717324600598,66.8761623525357,2.0
Encruzilhada,-8.035063,-34.895056,4.0,27.677830155969684,26.168251282194124,20.39338583570512,24.295635501354344,0.0,1.9803493428360837,70.10473360642922,77.3880827771768,13.0,25.380258518483487,26.36634456797361,192.726285047892,14.34426846916852,3.0797926092151107,0.9664189903006944,73.21885874492739,75.9799261318846,6.0,26.0119804517772,24.84710138691124,47.89798324750603,229.0455727268701,0.4220365564988686,1.6965572514835494,86.04645916073287,76.40731904634589,10.0,24.69260410682139,23.730543968968075,203.07299790574825,13.173732763079377,1.83228684612377,2.213878218926941,79.51434376584773,73.34124852703606,6.0,23.205843304446525,27.55804794577243,27.11123819165266,1.6854073844115351,1.7328860419405336,2.567883203782304,64.34512138871433,71.25399503023488,7.0,26.22300286053426,26.612693603324868,6.604401438189414,6.604401438189414,0.8911949359854732,0.3672745153524195,57.995140197329256,67.05811044335877,2.0
Ponto de Parada,-8.029623,-34.894524,3.0,26.5711548793728,26.93076193696306,16.90019947074353,0.374391246425926,0.0,1.5391899284114992,71.0334502929121,74.64640224686576,6.0,27.610473226853347,27.72748675262132,109.62716029025742,15.998106296976731,4.448861382978214,4.349804073901677,78.40856992149483,82.72555292489386,4.0,24.921002163747527,25.29449559365389,84.82952322826695,171.37424384377283,0.1129675886184706,1.7711463464651578,68.5446006574782,77.91615772108109,10.0,25.62199627065453,25.237822880593583,94.6018459331608,37.3233406626356,4.182798742814208,0.5170275229905585,75.33844865117514,68.97913769742307,6.0,26.552092740911213,25.608231777591552,8.689100715298533,5.920142853740281,0.8393306452746997,2.372536861184974,64.22830609917783,60.18840223909829,0.0,26.40336580149793,24.89245479818207,17.36843034982033,17.36843034982033,1.7676075940483638,0.6200117119796784,57.718345457855605,67.63343291597646,2.0
Fundão,-8.013825,-34.895008,7.0,28.7696321165543,29.087652858743688,31.819063807088256,18.28741841728097,0.0,3.8728943363086152,68.38264719855032,72.2775596538182,6.0,25.56401950098384,28.023821875623884,171.0282006834629,3.950693423583992,2.02348958628721,2.1814183227763317,75.63166796085747,79.82629974552006,3.0,26.1696907880394,25.826167175060725,1.1565497669972018,293.3983134498502,1.2016468333174912,2.8090729408349047,80.77917115075701,82.557972218796,5.0,23.3718162230804,22.839211282920743,200.2045200618079,23.68979390235441,0.5818947596288503,0.1622876156490078,79.00561347717657,71.52903512798899,4.0,26.17464373302096,24.452927475474453,12.645014204714286,2.2815380775004344,2.868183239498813,2.1981399767311305,66.29742669148618,55.6399043655809,3.0,28.29161580401975,26.30641492674635,5.542729468698306,5.542729468698306,0.469925680713676,1.603101487186671,68.11368209668598,68.19957812360175,4.0
Hipódromo,-8.032014,-34.891909,4.0,26.900124571707583,29.07209875799216,13.444405189410396,12.179747373820984,0.0,1.0641321963596442,71.44625094068941,67.49067822881828,13.0,25.38811663678397,25.718071532117623,48.582351596502384,9.526539973296082,0.7000454942954246,3.079547337313565,80.11624399508447,70.75846869014465,6.0,26.041142588522675,26.74306985424036,39.8553448597598,17.68277581111981,1.428504278209151,2.1290976696238406,75.11750330192616,81.40390312945554,10.0,24.043059455816746,24.92178581254794,69.4541286684362,65.11109689535922,1.005817123189285,0.539835442900787,77.32258629628623,74.73492377907245,6.0,24.7869166701706,24.491838618435743,30.499283119928087,1.338613656467305,0.1929742269794594,0.4006570089782102,66.67256183275387,62.7670557289076,7.0,26.83970542424376,27.68541094432306,5.951318153261146,5.951318153261146,4.724908594598304,1.2720997613787606,68.03775843588225,64.03373564802263,2.0
Rosarinho,-8.032584,-34.901995,4.0,26.92051922366758,28.049844428115158,12.032771930375285,13.271972379066176,0.0,1.8945261577689856,66.3604220645816,69.02562282034367,13.0,26.573340018396244,26.176548859577395,123.93840127029864,4.4842164623636,0.1849793941116524,0.1640626530297926,74.80142798805095,82.06470182143511,6.0,26.556756761652863,26.1213625389466,42.97005329461331,167.66864986624924,2.293194777791728,2.2011858966756552,81.80077095398447,81.0422906912095,10.0,23.174006150406424,24.39791684258887,189.85803909537927,62.14305096045895,0.4944648149723435,1.6759458890608632,80.99084999048048,71.78630216618856,6.0,25.070269647921275,26.90247339882176,0.870224274115877,0.2238803292650057,0.1323615683008705,1.589165345191665,68.1181367443009,65.01465603800087,7.0,28.049683458749257,28.50547237637668,6.003100905948448,6.003100905948448,3.737362604096259,2.556959435580656,64.77159408868954,62.33744039215559,2.0
Torreão,-8.040152,-34.886157,4.0,25.657873308069394,27.61782448258164,28.99604630711311,20.519585468855595,0.0,0.0911275254344048,76.15843191286338,71.09773439108467,13.0,25.725505735917103,27.28970002162387,116.13091978717412,6.845951857352452,0.0117418023861353,3.1592949308481706,80.7158247820162,88.3798411060483,6.0,25.91388745418808,24.72226476202705,89.30250782721255,163.1403475467341,2.922453823804449,2.650923597344476,82.07446155718233,76.56372139962393,10.0,23.733645071253168,23.914605376419967,51.75748472939239,41.91578193565385,1.178556959854421,1.2609516992578027,76.62768876452341,68.11662969393115,6.0,24.74182146507109,26.288072633136224,11.21381671719094,5.919547847026059,4.211422415485513,1.8093565048885007,67.01765132107182,63.39353431366006,7.0,25.061466782911115,25.426525719626262,4.4931383386065775,4.4931383386065775,1.0306589521761629,1.138208014057884,58.67109039762881,71.1028683312272,2.0
Campo Grande,-8.030498,-34.888865,11.0,26.542823134958716,27.312571975870554,22.94609898075915,16.757799670637105,0.0,0.3211494772060133,73.97843672110277,76.3607709420209,30.0,27.15939632116044,26.328015444109457,80.40575189261008,38.21767372135444,2.673714917544583,1.9669798492870227,74.53640410981936,77.52887720751093,12.0,26.3451100235452,25.81824048936891,60.00187839376492,87.25934725654139,3.453374694095352,0.8971564624064533,76.7155253207705,82.17589467638454,17.0,25.81971361750302,23.029691432483084,197.12488941122183,2.7112861911360646,0.2426045758419091,1.3474919792558462,71.56169286216655,71.82152171890367,10.0,27.70978829533159,26.63953494494378,10.443143707204817,2.5278973481666207,1.31551030624794,0.5027718023264567,69.1856347279224,67.9100773780783,8.0,28.60807384551822,28.47229032483285,8.603064176298455,8.603064176298455,4.443544082309478,1.08082496549405,65.41323223376517,72.92945965930156,2.0
Alto Santa Terezinha,-8.014622,-34.906425,3.0,27.442950244834588,27.54662216919721,11.064415403991324,20.78043881570208,0.0,0.431369524800957,73.04748936185013,75.92265470507714,3.0,27.230767437224333,27.45371515723288,151.56820878316822,19.129138261770677,0.7499777347450576,3.9531314954835786,84.48558454544322,80.79932849495191,6.0,25.665075408697128,24.265462300056868,64.47346975498381,223.83474365005827,2.7199783509480544,0.9457940507891868,79.30142281912823,78.53855163918332,1.0,22.17436979073693,24.88116949153045,289.7063884175915,22.831872449979244,0.3724741999824517,1.3810387684673358,76.02190858647647,72.66083660680269,9.0,24.2523405190892,25.94159230918943,20.850349955951884,5.551005582706585,4.0420669722308205,3.6038961294766487,67.80397371362547,62.46494459183323,5.0,25.97122600526153,26.67336731133566,3.995778578113263,3.995778578113263,4.269607099897047,1.0729906927442323,60.12646277755273,62.19536881201117,4.0
Bomba do Hemetério,-8.021108,-34.90675,5.0,27.36428354807224,27.768973585174574,13.27465384668914,6.108848779628051,0.0,0.796322189440583,75.97488197665075,66.91696143612225,10.0,27.121747318328477,26.846796040274103,101.38179586358343,58.20073933022452,0.6218131615557085,1.502367053691665,77.23394878724002,84.88840537464863,6.0,27.263623903866712,25.04146026008617,0.7567045780573238,107.55302943255366,1.8395835394418736,0.3580547049533249,79.08791950179646,78.63251720166399,7.0,25.53089624744567,25.1675663142187,74.08074022268664,29.74795444923837,0.3352540538136843,3.502544582437954,79.79411551737985,73.32186705947706,4.0,26.8610936014038,27.02296146168372,21.90671300744703,8.25255203783444,1.4729258740703064,1.8381532030317496,63.93709797616797,68.33334858787335,2.0,26.46238134200072,25.83350225189252,12.666143663326196,12.666143663326196,4.023866387065803,0.1519109643479059,58.180654967812885,69.36810349856526,4.0
Derby,-8.057182,-34.904615,0.0,27.036510860704848,27.85821649445268,4.287054343234757,17.86074535044513,0.0,0.8673870473050223,63.80083582547877,73.44633444315951,1.0,27.69922004936012,27.672173878332924,90.72259771970934,39.00867392132551,0.3919370491239216,0.0068137576093045,75.15060693381695,79.63349973342689,1.0,28.94046045176412,25.695382654525748,0.3785889390465797,115.79261599982996,1.2087504185447504,1.5805514090342982,87.5898078629185,80.22831100420223,1.0,23.250532789816248,22.939775895362835,88.24311226575308,5.0749716233420585,2.1866262404471164,4.0461493926841445,81.29871419101197,73.82046781629239,3.0,24.116645307060143,25.34954965899949,10.241561305726716,6.139851222028295,4.590709993298157,2.927551778432754,66.98731311226257,63.306698932926864,0.0,25.53326217604564,28.54776083518789,10.917443793658004,10.917443793658004,0.8438802726268956,2.671797350224801,64.48802173476506,64.97103982907775,0.0
Graças,-8.044831,-34.908157,0.0,26.1283463400959,27.713229766745098,18.649661704265917,15.334417485515118,0.0,1.037461498319986,71.5041739493082,73.81355358395297,1.0,25.187306429548094,27.589905510653598,10.037198505607591,36.29005120207805,2.859569383491901,1.5844286424440572,82.18008366506757,74.26818932474879,1.0,27.540669602426224,26.77510929296161,60.47997053707502,94.45117863477633,2.707326807479664,1.3631432696600607,84.77533400734382,78.55215408492997,1.0,23.69063780288764,22.41478509931183,82.95057329386499,69.10590333508975,0.7100429351740525,0.0087155989953398,75.75125703477889,71.51189919484979,3.0,24.49157298945717,25.795374141621377,11.026578146642132,5.012825347801565,4.555853596934721,2.1087574916142446,60.21282668538868,67.53876299026855,0.0,26.77621618685828,25.84504397615757,9.639730959519586,9.639730959519586,1.3446754638881868,0.3305092141661723,76.80534836129382,69.38923656014201,0.0
Espinheiro,-8.044208,-34.895236,0.0,27.080022044323368,27.69847662997929,20.580647293451687,7.254567682603943,0.0,0.0930532442448415,64.41492774435511,65.32997678800062,1.0,25.63564727801804,25.744443759951142,136.71185415669177,32.29743831980342,0.7229121130037794,1.2977587653294962,79.14589784388198,78.00023202579497,1.0,24.69914541437676,25.7640623213096,148.6021401293986,152.1885068807267,1.1958619928153518,1.907451627682841,83.651805394666,76.14005201688515,1.0,23.441624493639075,25.42816492333855,159.39969560543784,36.72248867447876,2.441507620977885,3.641056019641655,81.58112090870094,72.22735858451311,3.0,23.765903030517173,27.52937114562458,9.185380854159002,8.674212387464392,4.68748764558744,1.7654657893607468,70.7667615776012,63.688169578821,0.0,26.203504324004765,27.292280061637467,7.336347872156696,7.336347872156696,3.1877433531826083,0.6875598543337382,65.12714917307213,57.15558569316213,0.0
Aflitos,-8.040293,-34.900241,0.0,26.54772377348925,27.63052245694091,17.350605016167602,15.387243376813093,0.0,2.7292737606017123,66.52444072300005,75.0954345277469,1.0,27.69810414773508,26.784592939754408,155.5449999906707,19.15500360057245,1.943255110250073,1.884538284513635,78.78902487187507,78.23360211431957,1.0,24.82807471116046,24.32091577370047,23.00203684170208,141.94063843800504,2.092849777203845,0.4512020394941333,76.0764516927975,78.7222674709693,1.0,24.404305022142477,25.189306593197884,30.540800483677277,40.83799937665586,3.121829907087985,2.3788625086602897,78.0765103981955,72.11958737769291,3.0,26.889309770570065,26.461620294288128,7.899149858672679,6.199357851255956,1.0888872588455998,1.3767924550955086,72.10552105354905,68.2200469314844,0.0,26.846741890383456,26.63135894627727,10.494696719627772,10.494696719627772,2.151103510028432,4.4360779708076485,60.65365589242473,62.21122873774887,0.0
Jaqueira,-8.037939,-34.910315,0.0,26.08887580429015,25.919962319232937,16.96524132508343,12.024983937395923,0.0,1.838462828079937,68.54644242028972,64.67957000066178,6.0,26.709824380634725,27.44832466030665,135.80964956128312,21.598587704663444,1.4461037193620505,1.5396471628119,74.57896712763059,75.92228865148958,6.0,26.243190689537077,25.35596836699596,86.12325415680726,199.4379112189848,1.15906875989179,1.9695976011968963,83.09392662103434,78.00494098683205,4.0,26.29620215014056,24.006000191789777,258.8922157641283,46.40402438912867,1.65387134082917,0.0767383949377205,78.79316237132294,73.75675665374756,5.0,27.76852188010988,28.34617967918111,13.38976362035398,8.039654689632025,2.619145134768316,1.789828109448795,74.3714897039313,65.09793034231679,0.0,26.192898623662664,29.05311973264193,1.851071941752089,1.851071941752089,0.7553089709036338,2.8478576578327006,73.25519691613029,64.91519936379129,5.0
Tamarineira,-8.031236,-34.906219,0.0,23.83155361681483,29.293598775977948,10.17931206748327,5.458948526136748,0.0,1.2797105389545145,73.47405849640185,72.1351842383347,6.0,27.58475790336924,25.559024475243834,22.88079722046892,26.352361775625354,0.585511235894767,0.041383206059228,70.73852874236468,75.52175893610767,2.0,27.624424324532928,23.41393559063409,162.35744403578798,227.75804484394388,0.7906445175081604,2.073234033439483,84.93823753332154,83.77707185508044,4.0,24.6333217851963,25.73387434148947,93.06940042542028,9.359253643243786,0.1661708096201819,2.1472317578377904,74.45260238148666,68.59420875024188,5.0,24.16766395330661,27.30231782230704,17.73125020503179,0.2103545981933594,1.9776503348425445,1.0313863562821357,65.30923840621627,65.9840469865958,0.0,27.36602627953032,28.670434914539367,10.692223583042963,10.692223583042963,3.770473337958904,5.016857607786662,74.81758727988257,68.72773126427504,5.0
Santana,-8.040225,-34.919385,0.0,26.19814251598498,24.68610772529625,17.063065303090312,4.044481600915212,0.0,3.317192413622092,65.33667609491692,76.44596601503964,8.0,24.86690346803717,24.600730966412744,50.56231491073528,15.930434746944274,1.40124507100548,0.1454755700541623,76.10524737522618,73.19712971102261,6.0,26.312550133039707,24.657701278715862,54.00926227249184,211.17506517558203,2.597188209073071,1.869970256099851,80.87270056291891,75.61877754269129,1.0,24.939793961279577,24.200004013362435,123.64756066848084,43.51735384480638,2.8338356193223286,1.6356683296585603,77.94250087750153,77.2818187617173,1.0,25.81778986681487,24.37971627853855,24.193843956267624,4.855421518693652,0.8539253629593212,0.260100615865831,71.3202583503412,61.88657386366644,0.0,26.577703802082425,29.05297430660516,1.3155569576971544,1.3155569576971544,0.4411736470400562,2.896045907095566,68.8322496208463,70.52203260857621,3.0
Parnamirim,-8.033829,-34.915506,0.0,28.399342435458117,27.899122899905173,16.86087203635998,19.121563735033444,0.0,2.87217619169461,70.32710618616761,74.32786340621793,6.0,27.5533206899924,26.294623427219232,131.43195823491791,21.91592877099318,3.086892169707343,1.1728675744818595,81.61346309165431,85.45336145531923,6.0,24.28282163810389,25.41906145632709,23.30464632361897,90.69893019571532,4.093288268228539,2.4635221643280536,89.19756774201515,79.74751274153273,4.0,23.3245577910315,25.16286477081773,182.35080793568332,22.286327999344564,0.571010101554053,1.197758902547481,75.3050338456774,69.39955285122463,5.0,24.01626609967913,24.40220350319473,31.69637559234932,13.752187211017992,1.8140020634129104,3.538304525412141,70.90178863017782,59.41999762117684,0.0,26.66771053084589,26.88956170523108,5.645365124407148,5.645365124407148,2.4771853406636697,2.2542626762910327,68.59720975513949,74.51551685214629,5.0
Casa Forte,-8.033714,-34.9232,0.0,26.28175840032329,29.5271719139501,15.762964777236029,11.744709681766224,0.0,0.4732451769156005,73.6870089410909,76.23757549917094,8.0,26.121358265869382,26.370251082654185,158.9469689745669,1.8499251701954973,4.13692234797021,1.2277432751011164,79.43153571051603,72.23594763830089,2.0,24.36807083917933,24.594579093449504,2.2789343695364157,43.5370699655554,0.7959613186312511,2.934398080279266,80.37597307792252,77.50700095295443,1.0,24.341078252568938,24.39707231243728,205.0800948903839,27.581046009848613,2.895413129085747,3.838067301024411,78.88440796676342,71.87608500921175,1.0,25.396029947332497,26.392616914251064,14.639307850212862,2.746063151754768,2.24103606046976,1.763475587874605,73.19194740412203,65.43515908874288,0.0,26.050650008238488,25.941702521049635,4.153121405197049,4.153121405197049,0.1884011536816237,0.8099330692869123,69.82593739368548,63.21213257057333,3.0
Poço da Panela,-8.035386,-34.931454,0.0,27.268576327895587,27.49028063760603,13.345807458309483,17.449583811251653,0.0,0.6988411053106012,72.38779584876124,64.35491784700072,8.0,26.88530502803062,27.468231429535194,207.362550457848,5.848271732414853,0.1002143674054685,2.085331707970892,85.70615099318032,73.78793063116652,2.0,25.579686394631526,25.57854871023902,64.65939986955372,34.90529698849984,0.9309202160143476,0.2199721682331574,79.19848382937857,76.66308312302903,1.0,24.807093673657477,25.057234529151927,143.178565300713,32.55128248072469,2.262148757200233,2.814743394003117,76.09157735810466,73.18256715291967,1.0,24.13924264006186,26.87339820241279,8.68101514484328,8.57608974900559,0.8240848481486319,0.273137360669671,63.820651877180566,61.840980066510326,0.0,26.98986264012445,26.709753154047643,3.2869123005301137,3.2869123005301137,3.3001897047946054,0.8343088163366781,62.90147448602404,68.71767034555359,3.0
Casa Amarela,-8.026029,-34.925645,8.0,26.85975789280189,28.18592350641496,12.111817259514384,21.855411271097367,0.0,0.8444345891949316,67.99611360070604,76.16298143249935,9.0,26.863739429606127,26.954265654879293,142.50339444172198,25.451717219676382,0.6925895964666207,0.158777644301022,69.08826947727613,76.92600416765413,8.0,25.06638162905251,23.702703142637684,38.32666018892356,113.18554029920443,4.239468324605613,1.2751899340912298,84.19122742288523,82.07134565066474,10.0,26.82569265796945,26.32564136917784,175.5911719241254,14.33104221565398,0.0793693277572276,1.932122393148125,72.9130157342156,69.87020797220417,5.0,24.31589685974748,25.23541596307863,4.200853086388689,3.869325226744239,1.8407641708418576,1.7300600449740258,70.54393833944214,67.95221817770097,2.0,28.469644084390904,27.06966138857382,6.301864355440386,6.301864355440386,1.0134952572948397,1.0792787327832962,67.90270615303382,71.94039927747167,0.0
Alto José Bonifácio,-8.013111,-34.917736,22.0,27.87194112684625,27.68422651096345,7.533269292000789,17.530202559091308,0.0,3.745486314783762,68.22649122840785,67.05459604746834,19.0,25.783439346710008,28.71839056226609,50.47714288499539,13.496175846295356,0.7609419752820601,0.2645029079439598,79.16019837840972,69.46746738341855,24.0,25.75664441486363,26.5446825376298,19.295970717550997,155.05200604255953,1.6091531160598231,3.671838896390819,80.53023035480638,78.86646730756281,43.0,22.99775716937689,24.26944244208984,246.15540718731864,17.43804026067123,0.3596320409325981,4.212371917104035,76.58817670253993,76.23055325623565,0.0,23.832354481432706,29.29618721205076,22.10631310613793,7.954155282943193,1.1550759625187412,0.3054293748178005,65.30801279746667,69.3244116104191,20.0,27.12767073691952,28.331080680446107,14.553606809736843,14.553606809736843,3.691550751521032,2.66685912243797,62.81377240575628,67.65408366938364,11.0
Morro da Conceição,-8.020117,-34.918676,12.0,27.771917563837683,27.479235569590998,6.923357439065162,9.944674834682232,0.0,0.4340536457297971,73.05270925406441,72.45665047950102,5.0,27.14391074037908,24.77079371601999,56.344264087501735,23.999113129669336,0.1614483920726797,1.0132313148347694,79.80723493147083,74.08474374221522,11.0,27.089601986693918,24.001213753898902,35.726481621030615,113.0072945514476,1.205825284787288,1.938689413378952,79.42558835256217,83.25778886794596,9.0,23.231184838550732,27.178423492294453,68.59060288058375,41.91597375136354,1.5506661917044446,0.3922366351175266,78.51954300338322,73.13553201336272,8.0,25.832048417143994,25.095987591958703,20.27284136645544,9.944962641906494,3.310760057914265,3.375336037951781,69.18920259972053,63.3658565672871,2.0,25.633049781313712,28.40595386672913,2.6028887126132325,2.6028887126132325,3.601008158143208,0.6390403548025516,66.70932304799905,77.37172968045209,1.0
Alto José do Pinho,-8.02225,-34.911902,5.0,25.63958641733664,28.681281812166027,16.79223326040568,12.52715007734107,0.0,0.707486979857873,69.56329514811226,79.05057229798707,12.0,27.959800742804777,28.17338074043927,177.87680886026516,46.281946698235714,1.6703416370109485,2.316958816553981,85.37456158523497,79.33422741802815,9.0,26.47902705620253,25.259415298957148,123.33315185288232,246.33599938334788,1.849009792456318,0.9378711476420828,84.76402130154355,77.56766090919456,13.0,23.471299766124467,25.309712935228152,90.26336276107791,33.520763089316105,3.04350468257181,1.4882801444814493,76.93154066959447,74.91596177778426,12.0,26.760827523057728,26.77345781323899,28.900596333946,5.45735265081742,0.4978672948285154,3.0165807847434483,75.01070834467174,55.93251709397202,6.0,26.8924615369915,27.21516229293806,0.7820750553544435,0.7820750553544435,2.71324027917504,1.6365383438289234,63.29033236555056,72.7203469716464,5.0
Vasco da Gama,-8.01159,-34.927568,26.0,27.981620823949832,26.77505277425809,14.485235257838289,23.037705300428943,0.0,0.5546936532248483,70.67736106906611,73.07071417758871,35.0,28.2922436635974,30.70171414656283,15.138570529062648,11.49670210358794,0.4968889133943968,1.5832986073342492,74.3802887155382,80.75357126922002,16.0,28.062772079193092,23.798380553861247,82.55314363413366,30.720577917181387,0.6590106670179081,2.923320428025492,86.42700831575073,77.59873936891697,21.0,25.18059105583104,24.44121712355573,144.3272641160116,64.59061544924697,2.142961212183669,2.5050707608629006,77.52612037446593,67.15970273730993,5.0,25.836321020460225,26.0472976354982,5.977331060484019,2.4963710036470887,0.0318348293639276,1.013503959311926,70.58444048917559,67.28895477462527,12.0,26.966467743287648,27.6646108339577,10.263306518595533,10.263306518595533,1.861722456612941,2.4306247868750543,56.0136822222034,77.8357881794142,3.0
Monteiro,-8.026667,-34.933218,11.0,27.00427683611613,26.418329022826235,12.429101277276462,34.461940892236655,0.0,0.3619705265400086,72.5516644363911,72.02127577939943,15.0,26.90085227541151,27.52401660524315,57.51688850234243,46.42115748617475,1.9736206327092405,2.3112593630620744,76.15713285938834,73.0278950055608,10.0,26.050472983647914,23.94297705133248,72.67347277870516,116.95686285527638,4.036037845100636,0.2645347706073566,78.81966098050717,80.26025001704886,4.0,23.23071330895631,23.926275495182026,273.4100970072884,6.64635851316736,2.135127976349656,0.1123835891872737,77.57084342989117,71.72313217747553,7.0,25.5680021380297,26.10156697010402,19.73264942477017,4.356796380610331,0.0320160529243516,0.4045109886891054,64.95862459994636,70.35581962874679,3.0,26.138681056953818,26.91935630682017,0.4509189178560069,0.4509189178560069,1.956333720835184,1.879266103102592,74.03175411087923,72.07939288390747,7.0
Apipucos,-8.018179,-34.944282,11.0,26.392943267091447,26.789316050364093,28.38262278779796,2.579508587558152,0.0,0.7086334682265835,78.43195916227542,70.67130806138617,15.0,25.7145554841316,27.03166077410446,136.9909908044768,23.296440274832516,0.2334489415176805,2.804311396399495,80.35222536685704,80.25601874915753,10.0,27.71876304990736,25.622749476395956,89.28511926085267,98.68745263484814,1.5162315466974057,2.7858634515190337,73.73076707861206,76.4183911832969,4.0,23.6845664980442,24.907445995948844,270.87741324145657,24.336245920759517,2.4130681938520917,3.045828352529713,78.37336408804786,77.96003737441214,7.0,24.659635139688785,26.017632668324428,10.852416375488152,3.295379504494013,2.577014176983477,0.9608751560040936,70.56350239619954,66.32175845404062,3.0,26.605919169182396,26.90382339226744,12.271587464865505,12.271587464865505,1.61699884758676,3.7638363784242914,65.57763968128333,70.93930692165176,7.0
Alto do Mandú,-8.022437,-34.932909,11.0,27.66599158150134,28.415658564663595,6.094334685675271,23.792978974362413,0.0,2.7276582401181404,66.3827138461417,67.6402375752485,6.0,26.26660924139909,26.95928934293824,84.22736340502682,41.21738358533301,3.4736413048243397,3.4861251486009817,76.25763844732923,76.47885253941398,5.0,25.76143333639911,26.490909107241087,119.26491873560776,73.45305114529323,0.9821123119903612,1.7660307055143427,73.67662327888397,76.02251822873029,5.0,24.191196153761773,24.592752872385628,107.9175281679726,47.05828153439134,0.2174875816901755,4.087051581684966,81.10888182364022,75.04496690483666,2.0,25.14989334957308,25.152524503367488,2.6448249210176744,5.020334986001048,0.329246304368866,0.9374949483241788,62.30426327963285,65.23947503087055,13.0,25.005681182418744,27.219231666552027,12.74601900450848,12.74601900450848,0.0062143189093168,1.602781172746624,61.41993891512818,67.78619678783437,4.0
Sítio dos Pintos,-8.013844,-34.9666,6.0,26.454330466886304,29.120745027782768,8.968958975408034,13.431402253845064,0.0,1.768729996414173,68.49273340604479,67.83234952384984,39.0,28.478044713942715,24.037425361419857,103.46423568644308,10.595557058945053,1.5539012248439434,2.2869512419536537,91.6047823343427,77.70087535415696,4.0,26.756276384934008,25.93004591439394,96.11551231954482,91.57836191230982,0.4099645404037533,1.446676821120426,84.36892073699885,74.54435617782111,9.0,23.61338958971409,24.73660346478755,202.34633307170228,38.42410887097559,1.015964397693376,4.630061631036971,76.44352160878323,72.5447616354583,3.0,26.13692185512877,26.919737642239543,14.074184152216198,9.40740215929224,2.3959368404778285,0.950551380729477,59.93744616867284,61.8017027695438,3.0,26.367451989714112,26.25136091265137,9.393685997066395,9.393685997066395,2.294379390357192,4.671548772842462,72.20037586121286,66.27533374255309,2.0
Córrego do Jenipapo,-8.002386,-34.944957,4.0,25.702635700627518,27.577625296892585,16.729970720510302,8.103805145056741,0.0,1.905980158488186,69.10920510322438,70.3117723843646,4.0,25.568593263064283,27.42664268011448,69.90894698296731,44.25828638835222,3.4436421503606938,0.4541424762875199,74.42882181874667,73.70288557183963,4.0,27.08158742297867,25.88983086410456,96.31779497720852,187.85061705311705,2.9455666179224904,2.634815524920276,80.47609359230276,75.82232995442591,2.0,22.50832102996917,23.788588229424462,22.103597266989908,9.981820859646373,1.3740459583515523,0.5900958879099907,74.14147519419026,73.0774590997803,1.0,26.00207922328549,24.547596106196952,8.602255255618662,3.889556815386124,2.463668458776528,1.5308623130347114,68.6639913596969,65.99748576080098,1.0,27.77405770036733,26.83093996985975,12.407754259559946,12.407754259559946,2.2942274912534844,1.789337076369231,61.75463903030545,70.2434079189225,2.0
Dois Irmãos,-8.007833,-34.968402,6.0,26.68509785594796,27.708252621196557,10.747998863353043,14.651048838047,0.0,3.09828483604976,70.96519903682982,70.62805277742359,39.0,28.11950752702342,24.565522450521293,13.622199613269046,23.341056978618795,3.472044179178888,0.4921620294710741,82.24557892106353,78.00084017920895,4.0,28.06903580881955,25.211432242513443,104.7559970893842,182.45398089157865,3.566990407585264,1.579355241415645,86.70433986631988,75.14056999187164,9.0,22.633510313909447,25.366819625689672,22.78413237972981,30.73722383586623,2.7939524093643184,0.1699518143762208,80.46719892061627,74.64433327540273,3.0,26.381800814881807,26.14331692133752,3.929113713547279,5.106952670517229,3.224462193163041,1.5313342256762368,64.50885289546733,64.7501540588066,3.0,28.21346627195373,27.93125692237584,12.622271929491149,12.622271929491149,0.0158768251302003,1.3316872742019994,63.624129503472126,69.12597331203469,2.0
Macaxeira,-8.011477,-34.939212,2.0,27.42837259991772,26.44845687173331,2.895948711779265,22.22366863997597,0.0,1.9157345335891776,61.19849064931308,73.28546239014113,4.0,28.28901185291749,27.36102085343953,115.31210378884788,6.8247790911885975,5.159898294025689,2.47776255401487,71.19529397304498,87.98138691540434,7.0,27.467669663375144,24.717762527604062,90.57462769434798,68.2895690859564,2.2647346322342545,3.711576404661063,79.49783032185604,77.37650710226374,5.0,23.342034295611388,24.615534019065592,27.97067075563729,44.12974459126369,1.0399824194607945,0.1000304789691906,78.33108849216158,77.55340072925998,2.0,26.15187391017657,25.33393301339187,26.526091693635223,6.922332381860452,1.2969458952777682,3.652002637259037,68.7749644247675,68.5452785813643,0.0,26.639438619245617,26.115819271415376,5.239641005725599,5.239641005725599,2.6047749756566647,2.6956451869701823,64.60553940650455,68.9084945844328,2.0
Nova Descoberta,-8.00742,-34.946552,25.0,26.254978897022703,26.38363724960469,25.01380863954257,0.9814034080036328,0.0,0.6949346418458376,63.17785126070472,73.10637309790808,30.0,26.657972191325644,26.61515647754291,92.21992145161576,16.891205096773888,2.8304219689550605,0.8780091212276081,82.01993356322946,74.97762359124383,33.0,24.702012515458243,25.15170492119173,14.274551924800086,115.8208606588254,0.8845271145040464,2.370219956312236,76.84731777059218,75.21745637902947,29.0,23.24752174298013,25.11604922269079,223.0775871488744,32.87982939358253,0.1936425293966939,0.360595640178931,75.66745005023147,73.00236823030481,17.0,24.933535547990846,27.968489449715037,25.76821440002034,7.166369736482007,2.1602998420927544,2.199247089753057,62.89086751197654,67.3610773793255,12.0,27.114123807967584,28.09348601481315,6.18526803896032,6.18526803896032,4.2789845673985285,0.9221783818285614,73.37340685487659,78.98592901055697,17.0
Brejo de Beberibe,-7.997984,-34.92916,5.0,27.20674588852468,27.848169411563894,3.409979929781434,13.92228937014518,0.0,2.333997426569055,68.25850831865452,74.45437979518306,9.0,26.88715779034555,26.665217944492127,82.00561770073833,17.862916607713437,1.9580722564859887,1.7055729908457664,75.12561220739316,84.30500761005864,9.0,26.87223856485404,25.209023158054958,83.44872383927925,44.63112333177125,0.2022402484854522,0.1405621041355711,76.38032932726192,78.10715759267636,19.0,22.61812787138768,25.626608804647557,170.4638890129496,21.118278898997545,0.2844697045836863,0.7537684874915807,78.26484655852936,78.20302936825739,6.0,27.644477006046078,26.144861212303137,15.572138413271604,4.829900098871554,1.6026643962754563,2.967671676227644,71.15940282366525,66.92578112830448,5.0,28.04892751854837,26.283682170394744,6.895434407900617,6.895434407900617,2.6705139278077823,0.9404644354076712,69.67605795660626,63.373385879710085,4.0
Guabiraba,-7.966062,-34.991543,3.0,25.64630351762116,27.699132609483804,18.52936181533326,10.899600772015312,0.0,3.268688289181449,67.79172228604902,80.28823714860683,2.0,26.064856096578225,29.795326115597124,71.95293779432122,11.782758841705888,0.8490305233287625,0.8981902169062352,76.80952980196166,71.33217555097013,1.0,26.967952349632327,26.521197188013428,82.31759398708755,156.04212019673844,1.0115086509129874,3.597496139934206,80.88539873632308,75.43442432029991,2.0,25.312208499573195,25.26718291899805,271.83898570814904,31.96008546982089,3.7529460682952696,0.6060834549119334,79.66346383693038,74.85534867431001,0.0,24.051621089009235,26.39801822471745,16.4945132624023,2.2232626704597687,1.3298464882967629,2.9082871648430704,68.26886317795467,64.48296045123334,3.0,26.83884695270066,26.955986810117203,1.2024468682318492,1.2024468682318492,0.8023632447328561,0.5717086834402927,53.39648244819586,57.39901633651292,0.0
Brejo de Guabiraba,-7.992662,-34.937281,8.0,25.728386831669773,27.202069912521942,8.377769680205455,22.93430665648225,0.0,0.3303300555413506,69.55358311501966,77.89906303949547,6.0,27.582426508736727,26.34606006552401,177.736379679375,0.1383022483848854,2.486942598608932,1.1088039572367472,72.83887373552241,83.83344641107755,9.0,25.242846124987427,22.895215427246047,42.64698441118489,302.10970525450443,1.6574025226863045,2.481854753769528,84.01275515590702,74.64000964749171,5.0,23.654409681599773,24.203646989496768,140.6671786476225,38.45900251079397,2.1446987365518684,2.4731587853969463,79.64669819321351,73.8306266801673,6.0,28.418148355703885,27.977973557875828,16.484461230418585,1.935271402330292,0.8060936785449199,1.7592470872303825,66.88975699786278,54.2328734015143,1.0,26.061849282271798,26.79815264706065,3.90686143074354,3.90686143074354,3.826712111500884,1.3494327490863336,55.73711552245426,60.05240029408745,3.0
Passarinho,-7.978262,-34.93667,5.0,27.04970479513745,27.22756576416178,21.04234672335268,16.02731680153879,0.0,0.896434756564644,76.19542092988962,74.03595627946814,4.0,26.451159661004983,28.135200045137623,149.86619267825722,50.52237366345314,0.88708392269109,0.3017829444759937,83.42668478029466,76.05764928943262,5.0,27.749180679019936,25.31601316117155,68.74223856243312,140.3211020531259,0.0527906150151555,4.891397520148869,80.5346858574228,79.28081913678528,4.0,23.420539599866476,25.376861825780857,176.0986910763325,6.277587612942622,1.1993762143166171,0.565077300479351,76.37136773102854,71.66734783979716,4.0,25.93382167709858,26.403765791630185,14.084634859116369,11.73781282813685,0.6966046738884578,4.852502067671016,67.05803625657886,72.61133939026675,6.0,27.37198483758623,25.25082651771363,5.593941052866002,5.593941052866002,3.453379966253647,2.9836114821107245,62.42215384975218,66.02005256815669,2.0
Mangabeira,-8.023803,-34.905036,12.0,26.517013090987472,27.129174267729308,22.820496716488428,19.734778018224443,0.0,0.0970991753638981,70.09042594365997,80.16369792741457,7.0,28.961499061179552,26.731177479657443,140.3723801066133,19.333224603908437,2.2193777847870733,0.7771809660761908,84.3726055422772,79.85670168583427,0.0,26.03553101379629,25.029138969753514,38.12405838552375,113.45220481580417,1.097804852939562,3.935362786491211,83.01578764495547,75.96487980291174,6.0,23.979657744679937,24.1408975576378,37.4278780413793,12.39457364695006,1.2651102375702867,0.1850979683109839,80.82509514980839,75.93801650272106,8.0,25.35205375416857,24.66186847159714,24.227606796747143,10.9420972863203,4.122679586115029,3.2655778760997247,63.27513859746546,56.72681713179063,2.0,27.556887133019643,28.57942936294729,12.906313408986886,12.906313408986886,1.2755695286919564,0.5855415143193858,71.39870668215666,70.15961946833363,4.0
Várzea Baixo,-8.023801,-34.937867,6.0,25.66395352953456,25.60591748715304,22.24201086253608,25.90769972820167,0.0,3.380722031760575,79.66882771019978,68.57640931057117,4.0,26.09832785956595,27.920527319406,49.50994976809908,2.984976688434457,2.549138551023974,1.7797043588060764,78.5966580625049,77.33730841460026,3.0,27.59914265668997,23.987978439519893,45.476018489528045,106.61306278358649,0.1213921167603899,1.1030134286963351,71.21201957835731,72.66548869390078,2.0,23.0190539993027,24.351253951706155,72.79063950403443,5.817543525152328,2.013366525416209,1.984102229957775,76.74466576962237,71.9448165367838,1.0,26.358764559978724,26.08161460192693,2.9654226851594814,3.684390847886419,0.6303036042355545,0.5497756763459636,67.89020251509197,60.14702270480674,2.0,26.533002774912077,25.473341259328127,8.60642673099922,8.60642673099922,2.737735413352156,0.872432013348454,60.68607050426248,65.04344432293924,0.0
Várzea UR7,-8.03643,-34.97995,10.0,25.358126544663264,27.34751704193796,5.0317835701779074,1.701309988293776,0.0,2.073035457022271,66.96760435066004,74.12251145682043,9.0,28.263634129795097,25.816496238369325,72.57144939972281,6.248879731427985,0.8812341827108244,2.0530579006210994,76.35464747321613,76.49785959773804,25.0,26.920802516602446,26.59101883618253,87.49409965485428,4.6781676949385655,0.5261355053843282,0.3050652620574653,82.6754719504009,80.61151354765647,12.0,23.761199622975973,24.540382425258343,0.943299017913148,13.030671509138934,1.69326579127694,1.5709079307264622,78.00787245351988,76.44692483691864,5.0,26.7239750387159,24.28185753274387,11.586002321441534,7.904260964267888,3.1799545020411286,2.8179315090976145,69.83487254050439,69.12088954582833,9.0,25.055169135510905,27.19987486702773,10.884160124263998,10.884160124263998,1.4024858576171164,1.2945660205161895,65.4216222113522,59.63219066133617,12.0
Caxangá,-8.02838,-34.963109,4.0,26.246187616307168,27.14827155138876,23.611016177371443,5.606792116949153,0.0,1.630322097642491,71.73201760950964,80.3213898693468,5.0,28.52105785373308,26.09174640760918,115.95502543244822,21.58263470119033,0.0510474894146586,3.0158859658489114,81.83276598295679,70.68064541383566,3.0,26.782041655243628,27.09432736775465,42.99209813190043,255.79946863071373,2.628156579771873,0.3457403361089686,75.4694106246777,76.06981679223514,1.0,23.99770232718668,23.335203751472708,156.4937189831952,12.870808467568796,1.2124883260702033,0.1434269049223573,78.62276442562148,75.78690033774194,1.0,25.268204372834017,26.028883998508213,20.41434133997674,2.1269691235588706,2.039376028726077,0.2753817740520063,69.11004078802154,64.67043891159217,9.0,27.273320109549164,26.48104547122741,20.24342285530924,20.24342285530924,0.4970860759295432,1.7159052146160192,66.56072169810459,71.08007837304778,0.0
Iputinga,-8.035914,-34.953145,2.0,27.049676060961005,29.838028972792536,32.01768005881229,32.64898354097903,0.0,1.9610033477495392,69.69662272253498,69.66175923478072,9.0,26.21189487717772,27.28363244324768,118.61092408319055,24.002669788076,2.882875845983113,0.4750093892773852,78.49744380995907,82.7346524933787,17.0,28.223566858145,25.32213637206453,81.31007121679967,177.9460856733609,0.537593243518899,0.6414862579001729,73.90198239776913,77.78676520381501,22.0,24.80818848526043,24.64138745139928,114.03057823571244,37.36096832273565,1.492114689772223,4.136285031948081,77.58350135657591,75.72129856775992,1.0,26.392740498353437,26.87008438998304,8.487712641639975,10.18507801772062,1.0010686574242795,3.2187997126431886,71.37888011220716,67.64811837525839,1.0,28.33069598458846,27.559570231458363,0.6303095672412917,0.6303095672412917,5.05510942965072,0.4681190962416992,64.48236728170741,66.17838305546545,3.0
Engenho do Meio,-8.056574,-34.951122,4.0,24.299124533313552,27.74111370615783,23.29330561052935,13.37648444423858,0.0,1.5502578015234587,64.41008515008988,68.53455008881666,3.0,25.8986830407674,26.087236116184084,100.32993181213114,13.721085977561517,1.1659041566666553,2.576334161622494,82.35061552198256,74.12388485492652,1.0,27.12376925661364,27.093512605012343,49.71046948526567,105.31065816623546,0.951368213904246,0.7418493074235449,76.54884404764015,78.19404820347557,2.0,24.25030730984434,23.719380853163244,93.4259206349785,42.77506342239174,3.823651396849896,3.077788793474916,79.62329881128696,72.80830674060553,1.0,24.80183088083585,26.58913972867601,14.125825515326436,8.310241474927675,0.8830266335279712,0.6330734320935238,71.31196450640783,63.08516484132514,1.0,27.56606424390893,27.85941438648025,9.414449606616166,9.414449606616166,3.026802352038276,3.8616612221847455,65.13708416046221,68.10503259381493,3.0
Torrões,-8.060764,-34.945194,18.0,27.76793074401601,26.80067512640409,31.934769938432915,17.415057644925774,0.0,3.1875408773851546,60.45165612236094,77.01816334715552,27.0,23.883158168677586,25.98292414131545,148.87323267644382,20.15311546726581,3.4406383660507123,0.3568811513046097,75.96490697635818,84.9699532209291,19.0,25.53293676545363,25.294074843027992,112.32703724980352,136.46407601246378,0.69321800899582,1.0983418193117982,80.29832338616077,79.16637984093737,24.0,24.94979701432112,24.399495233434248,242.91216474189343,24.082486575427467,0.3415235901784978,1.1701279705892316,72.99412816919696,78.57096366399423,12.0,26.434963543352865,26.2515034558577,1.599281208519006,9.181832715147172,1.237099249980397,2.639010829025295,60.760422837820734,64.13729831832244,9.0,28.346235928283733,28.063900472851422,6.951291726376511,6.951291726376511,1.068511460524266,0.1945986719421839,64.19510845201916,69.31406356602744,10.0
Cordeiro,-8.050895,-34.937302,7.0,25.90306942803223,28.458473010621304,32.27281733111765,19.84077500377539,0.0,1.6221761313554308,64.86546549845656,66.21909287636001,6.0,27.48825920221734,25.79218652126522,152.02381931405347,29.609814066343468,2.255259093991911,1.973768442858585,81.12254892786697,74.61429642158116,13.0,26.42965009772306,24.934710024127508,53.76211599506814,106.57307170681858,1.2429367158868756,1.3560142455008457,72.53768197096126,79.24510873596236,9.0,24.514978694729557,25.498051858812094,175.20732755981362,46.34516715574036,0.7610034550822717,3.1181718847092723,75.92917764458251,73.6687316360093,7.0,23.574671788787796,26.15594283406528,22.37090163198313,9.847776792464604,2.2968334300395883,1.9945960152811952,67.26828043321625,63.96781201278937,5.0,27.20006290432115,26.551745013959973,4.037927934364751,4.037927934364751,0.5111844435890529,5.144448684392808,69.27259521987642,75.35402842283455,0.0
Zumbi,-8.052779,-34.922123,1.0,24.486046912303507,26.571158344222354,23.540369820616405,6.772821639846375,0.0,1.038910967535035,71.37150559027755,64.8112872832608,1.0,24.649467843138503,26.074175616745254,136.25886323635956,24.99555971984756,1.6331800297771788,0.5638366883595445,68.91443544129415,65.33402006736299,3.0,27.10193241275596,24.71422610017079,115.29883161172548,198.25546416728704,0.3809418469924244,0.7251078030298821,81.46861500269331,78.38990762403229,2.0,24.66447115134096,25.48087844274782,194.6631600710066,25.895761082216104,3.526320145290806,2.417555097863218,79.1835315532362,74.93240115289518,3.0,25.67893185814291,26.2159084242195,30.9700628558708,9.362788903532948,1.5447072443163623,1.3625702447432195,65.98236420794595,64.22607735614322,2.0,26.386563359796604,26.568676051943957,8.243223439107304,8.243223439107304,2.750122708783516,1.0920340561320852,69.7930692756682,66.17458259406206,6.0
Torre,-8.042977,-34.915041,0.0,25.69473238958093,27.72036701242557,36.60601477559242,24.21225962988385,0.0,2.7132940568026807,76.55448946340324,64.21625631377727,0.0,25.567145534910807,29.401739542635184,127.8011116699372,37.28513717517507,2.864330272134829,1.3324607772973236,85.86619463871244,70.74477859111029,5.0,27.88302782692898,27.696422730467297,87.50019699934496,12.448522306424806,1.6304402905439577,1.9830007981795887,83.88942030445729,74.92222332351517,4.0,24.110065198213498,23.572896538511767,305.9990203643366,22.51245947914764,1.0946948850589893,0.6354754788621082,77.88061495689962,70.73108352231364,0.0,25.26770277746088,25.94951982513125,11.824459285666146,8.367279176332275,1.2010092745869718,4.270762651301044,71.62587338365392,74.85054956613799,0.0,27.88669976089576,27.562677951607142,15.404449887698638,15.404449887698638,0.9078669082147484,1.9086010741704145,68.0339262625806,72.8423273847774,2.0
Prado,-8.060738,-34.921745,2.0,28.31794040539324,26.949542830457524,39.132760818583606,17.74481199205163,0.0,1.6923624844148462,75.47369403757706,67.41818786725591,3.0,27.713773570265804,25.63269853459097,19.814927171495786,11.931904466697697,0.5160944531140115,0.9805662674845972,78.86879791854996,70.08947505499684,1.0,25.23957732317797,23.906820174947168,63.86595310595643,281.84103384583614,2.493023800564232,4.062567763758413,84.71550007150637,73.98209150649035,6.0,26.49523314864584,24.13848385220519,157.83230346918467,5.317444269968167,0.5798607162870488,1.4041568106774691,79.10429058750974,69.1843127008232,3.0,25.23309413932912,26.788329610628903,14.309719103584236,5.437442456375577,0.5634473859513935,1.4490027163452388,66.70655822989612,62.67403673936601,2.0,26.843617597443146,28.078110768250838,9.460261893272104,9.460261893272104,0.5237700858232641,1.0384045344535258,66.7608288224178,71.84109894058335,0.0
Madalena,-8.053787,-34.91727,3.0,28.41654663131712,27.43995194206393,5.698754255284925,7.6380822835969315,0.0,2.1031037619158277,69.13788800146878,81.00147292769111,11.0,26.016878836282032,25.395357315011925,182.0609097717196,9.26342946694885,0.3541292046947681,2.162543598327704,72.86952032231794,83.5743035249006,4.0,26.33461503094008,25.9686044265059,51.58608557208227,57.33272067782015,0.617467219874793,0.6093183763970916,79.59004589150308,77.37352508578178,4.0,23.82295360429309,25.598071775443923,125.34332379543706,32.98001614348279,1.3776384058565243,3.081798474514486,76.52514456149757,68.52375993574283,4.0,26.525087910377056,25.84592443862432,12.000062984370723,7.129818266307022,1.9073530714301348,3.0587531189934385,72.88236168847841,58.90367291509506,0.0,26.934582886660596,28.51416365381041,12.942012080121136,12.942012080121136,5.636215777367781,2.442997941525656,64.27078986110433,66.67823781738844,0.0
Ilha do Retiro,-8.064554,-34.909045,3.0,26.336703400164623,27.71622920362741,6.546213332745181,6.811159786861593,0.0,2.413869241466758,73.53817503446462,67.74463157864574,11.0,27.658319594085235,25.01465861548397,104.41259600938776,39.13172715341169,1.299554903663693,0.4190135790592324,78.80035073351152,73.5127878404469,4.0,26.70831882716287,26.71791213913987,56.732555987977214,93.17742966320476,2.560769163194955,3.25389996914314,84.05297750913668,78.68015609584755,4.0,25.12956010405577,24.80310657062108,350.9622192734786,26.2802237339354,2.649747526812434,0.1448474390313028,79.53971049035603,73.85642996069191,4.0,25.149127104557994,25.37699832378739,13.945481028207384,4.60447777776009,1.2574660086122784,2.758846806523856,62.19610371333663,60.93238108062568,0.0,27.762471331426138,26.01955077605182,9.252850670739152,9.252850670739152,3.7018900442973752,0.6588385310533242,66.24065737185187,70.55674626961488,0.0
Várzea Brasilit,-8.04469,-34.957115,8.0,24.560983745128,26.38425547349477,42.25114310254753,19.836663738077373,0.0,0.4881855925058627,69.04716532910763,72.07928449939237,3.0,25.023046008299,26.783610922844684,155.4445781691188,42.33965181687037,3.002274544035308,2.937527977678241,83.00629720244412,79.71441719810956,6.0,27.581650542911703,24.70400456584578,98.32207256484892,279.3918332274002,1.004487418526792,2.677524896918184,78.42703167296301,77.47329492661224,13.0,24.440586416713412,22.41856043473795,251.544860651956,6.242535126710944,0.9252742482478752,0.3125254821113288,77.30133657757007,69.5938635190034,4.0,25.40562563659063,25.59040470087345,13.651988814040674,10.96118104885472,1.1644783562823182,3.1294251187934776,62.87082923004081,64.88316530959887,0.0,27.528101143229296,27.81615027452369,0.810283861973752,0.810283861973752,2.8773950680867904,2.3967733687211434,69.43536366757485,67.03051216364537,7.0
Cidade Universitária,-8.053899,-34.9596,8.0,27.28134406610493,25.599940074595366,23.916888560191158,18.438272043636687,0.0,3.5359802221406227,71.02821993263008,73.32511763859674,3.0,27.1367417299374,24.551123579629795,45.95579169754481,48.09311364089758,1.0400506634322606,0.7010753898247737,79.50752756288814,69.39030937718437,6.0,26.19562840207733,23.625278515827404,66.88642803549614,142.5156863796553,0.5361809928372323,1.6542411536109805,74.59799411918982,75.98864617443836,13.0,23.10381951231153,25.13464068036737,48.3468465719444,42.8142511857979,3.4027551237813776,1.4103278095389076,76.66261911802566,70.04162637489945,4.0,26.01522794789588,24.17128834290942,16.224606172482,10.154456800429545,0.2032846362633349,2.212024835463172,69.49461248653809,67.6793302760589,0.0,27.62601559077005,29.00129381050048,11.523559755745875,11.523559755745875,0.6628929264716488,4.173462121669513,64.12544456792996,72.16512006801749,7.0
Afogados (Ilha de São Miguel),-8.08076,-34.918351,1.0,27.76613264312944,27.85959014776857,24.65907037472905,38.05275421903523,0.0,1.5359736846865268,72.24818376338628,77.44688590582437,1.0,26.422456062848653,26.002830273613025,35.77825400550856,26.640820608954296,0.7100853168459964,0.126743610649147,76.35034480325801,87.64337599692654,2.0,27.87635221181626,26.737142398904343,88.7245275389837,140.22352064045876,0.7300384163501759,0.9872583911165548,76.61081135870012,76.66315372649004,3.0,24.761776282059586,24.877320856306348,192.22243305650005,10.341496626534852,0.7746680432006448,2.22905794341729,76.84108786841217,72.52568861793698,1.0,24.615573176580195,26.49508684140646,15.464063586804206,9.852826605735553,2.09283294165273,2.571301661105933,64.13121859829303,63.39210647693338,9.0,24.563281234903183,24.43252852739369,5.793743204596256,5.793743204596256,3.65222137303062,3.8592148251280696,66.57138962249023,66.46824719916546,0.0
Afogados (Marrom Glacê),-8.082422,-34.914152,1.0,29.425255011852567,28.1160588002624,25.94917582556294,9.692090788022142,0.0,0.4944870558744305,78.93733638192994,72.3835157668024,1.0,27.77562267794382,27.201324513084423,83.44648701514868,9.01458544962676,2.331848153276564,2.4662211393935625,81.30877816051888,74.0485324766465,2.0,26.01428780525212,25.567377026747074,64.1910571575048,76.9578785734422,1.074813131113666,3.931238890133442,82.14313839447523,77.42884320876685,3.0,23.279434797142635,26.678843092624405,181.2206117645281,36.18759250128173,1.4775261970472535,2.795448027430149,80.28125016137079,73.24447125697611,1.0,26.00606881094572,26.28813615804642,21.29337923477228,1.2754317405180426,0.9428041600049129,0.48091397620897,77.14776962594651,63.84576902584161,9.0,27.191460553916126,24.85602227153142,7.929128218533729,7.929128218533729,2.6059632386515705,1.004596845084055,75.36244927867827,68.9147237357858,0.0
Afogados,-8.076355,-34.93036,6.0,26.75471725865831,26.562500761527076,23.89765297436653,30.862154154359786,0.0,2.1809700650876582,70.62878116009064,75.03906211983451,8.0,26.14067009097821,26.194493332586333,68.51069838758185,4.76157092450914,3.036111534630648,0.3776434453926073,85.27782546440375,77.79279441104228,4.0,26.233118680361383,25.124816464202,75.60434467557735,199.48566148147177,1.792989878584526,2.149191914694707,77.66412300210871,80.82724782275653,5.0,23.68526415245161,24.036948062478345,85.28875579563756,34.34965513870805,0.0456047059402631,0.6308062549713185,82.01519694649065,77.30208618813778,1.0,27.56477448154462,26.389294237446997,0.0309085254730447,9.203529952935009,1.644880653185499,0.5770388376269742,78.62901119768514,61.13705957226299,2.0,28.39841876731464,27.48525136514576,1.541872996890568,1.541872996890568,0.543454979617277,0.5549708987015236,57.17575686974097,63.007517818340645,2.0
Bongi,-8.065141,-34.924039,5.0,26.01506707387426,28.697925793300417,33.43001257011611,4.303235489538995,0.0,3.117910793228253,76.14012711271704,70.8113999217307,8.0,26.628524213693797,27.350326155950015,46.448390894128494,18.025629252571168,3.2004526382112264,0.8353594364177537,81.42597741689018,78.99205317742543,3.0,26.61462411091313,25.443286445747223,83.57461673470156,135.14525489341446,2.5220751361950366,1.129315748781215,84.586122097468,77.2460466313119,3.0,25.638419305532807,24.640467822650315,120.42603767928628,45.438305067939616,0.4551460982616812,0.1713373460965956,78.90027212790697,72.0358566267711,2.0,27.750687267827693,25.865488376525217,15.878642916567284,7.049384142442396,1.060275443426101,1.7724557370993286,64.12253805601802,66.02034366484328,4.0,28.2763782650904,28.519325308342307,2.983567059923053,2.983567059923053,0.826804026818592,0.994498869518982,63.16210267066849,66.48420425678265,0.0
San Martin,-8.068715,-34.939639,7.0,26.72295803636968,26.1067164616892,17.564981001647133,31.48324901239902,0.0,2.7476569258159,68.28668417032945,76.65564131146348,11.0,26.681289361609345,28.582880112683178,8.959011658379012,1.702164125074091,2.9138774195488937,0.7564014128089949,74.33521702254407,87.99148322460678,7.0,26.34388203563973,23.295407525964148,23.83045772187902,138.05624477367834,4.921758008448713,2.3048690138860954,74.41508972062974,73.88382527267292,6.0,22.49661246711664,24.23609784369085,101.01604730039163,32.96291601811737,0.949104778431044,0.4915827842536386,72.09471586780445,72.62642171530818,6.0,27.53112334512924,25.09236028067195,16.57294182424983,2.366936091764754,2.889326629750861,2.172881473083861,62.52933662579179,60.65450274675579,3.0,25.717021911201098,28.171701360793765,2.206293700229155,2.206293700229155,3.991142428951054,3.951624558771332,68.43157652385855,72.34211791376522,5.0
Mustardinha,-8.071399,-34.923603,3.0,27.396976854248106,29.361543781437632,15.772923037396485,7.130310084385023,0.0,0.941081855329296,72.49123328798817,79.66077726095995,4.0,24.412369218431017,24.862230819413583,164.75219938344952,25.229911623796557,1.8871148466677972,1.366864481241664,76.71822371533246,82.6523394173789,6.0,25.8723644593169,24.367891137758694,33.775228876327105,146.56115151718726,3.844817944671129,1.8107749632258288,80.33549082574243,76.21781356422657,5.0,24.072696523444385,22.656361669858924,203.1754812619656,25.305045606452047,2.3541985867486885,1.4365893586398075,75.91397585031247,67.01968299881494,5.0,26.5695876596728,26.761966378622223,16.076345675765225,1.8547345181705848,3.137431195957878,3.236045384113619,68.74388847999029,60.232333064666754,4.0,27.907505570614195,26.41045504645333,5.101812934654253,5.101812934654253,1.0375748625341208,3.410986376386799,58.03941735960331,66.00635140335106,1.0
Mangueira,-8.076425,-34.92491,5.0,27.887655560313707,26.951635165794816,4.100845996346578,27.751593145574173,0.0,0.970726452772576,70.94828532666102,64.20786352117278,7.0,26.494782272539624,28.973929640330883,97.92348976038986,25.871930733936324,0.1544753406361445,4.6949129550450905,73.44919308440186,81.17624438300915,0.0,29.696912614913725,24.38596657943831,71.97394107668842,121.06115307034334,1.2889538735092467,4.9795691885167,79.81501406923051,76.99688658864763,9.0,22.761517443037704,24.553451097039293,150.58997829166407,17.65610931279808,3.4593877844724035,1.7582394631535436,75.2592556390986,68.9574025792095,2.0,23.59473974672717,27.2436465101445,8.299399825793499,2.5520710166904004,0.2099549837078895,0.7578026271168639,71.35159080393929,59.68812087943003,0.0,25.56908192238804,26.71566771352581,1.487787736905947,1.487787736905947,2.0348532360509566,2.119345149983207,73.1852621123768,67.98976821608986,1.0
Estância,-8.085154,-34.938934,4.0,26.60133012711588,25.52198481175201,15.71669113065107,25.341661391022008,0.0,2.63849762779621,70.01196055471077,69.4468315524069,7.0,26.69487474964089,26.56826214108564,182.88309769416023,7.458368856324393,2.8241214886698325,0.8526885237251478,83.58252871042069,81.27653481927042,4.0,25.249197726330586,25.85417849295939,60.32603403108867,103.36881877727434,1.583102004143105,0.5180580039649411,76.19710741546142,79.39515919157253,1.0,22.40640235961904,25.82657223280107,191.1999509976841,45.52630304292799,0.0216704953246342,1.544979850440313,75.36028408826229,73.0091409472569,5.0,25.188764419670427,26.789387569095236,8.37080689789085,11.003228324443045,1.6348457745810343,1.713757088489854,69.7515715491002,68.65384849889124,3.0,25.71801896485104,25.455952171683904,4.553359859349182,4.553359859349182,0.6032384066039433,2.889833275735831,64.2147857008019,68.8667188749762,2.0
Jiquiá,-8.085117,-34.934535,2.0,28.166820253212123,28.115127266455573,29.919595651015808,19.569231413196977,0.0,2.6522221747712127,64.84178301620223,74.31787081126488,20.0,26.17209575192621,28.1874009074053,158.2328864389698,8.853848058088438,3.90722909434363,2.8794984104799948,80.09901994069025,82.28596082214192,12.0,25.41319017944668,23.55930961915098,90.95996218842798,186.48872860604325,0.8521373034644011,1.5249219389180386,81.83642387489962,79.6880353189658,6.0,22.44377775473842,25.34864754908511,114.34731855500922,50.00248698786709,2.217335180077891,0.7722844075704317,78.77943852415612,67.89984299662757,6.0,24.897087987126657,24.74331567172738,6.529124451787599,6.2280870253162925,2.49444404241542,2.42224153582268,72.83566898314204,62.462720585470215,4.0,27.73583965290832,28.701579918485898,15.842963487656128,15.842963487656128,0.9065718670655748,0.8160360538140948,73.73458820495796,72.25771749790292,6.0
Caçote,-8.100333,-34.935734,5.0,27.62571925480145,27.064565213269734,21.568694490889783,16.04284486159637,0.0,0.2204125301731809,69.42409822120244,64.97092162840308,9.0,27.750971399826614,26.76684769803735,223.6502970269576,31.019849216290183,0.3028097341769242,0.3541912469083923,79.83779242720414,77.14956402475192,9.0,25.375735097306137,23.559583763955903,7.140527397284679,151.70040050143095,0.4129908531252698,0.1253244770970216,79.66903809739172,79.39959137867415,5.0,24.211262698500125,22.960029620399567,156.24532489340802,37.583793798029305,1.18197827252795,0.7285662854378233,76.28394437079346,74.12280737822286,6.0,23.097217665123903,25.17802031901547,16.952024677372215,12.120081790704033,0.4009057037444694,5.33687522221014,67.11188954710482,62.14505594539638,1.0,27.649740498329084,26.808159427299245,1.560497605765958,1.560497605765958,0.2473085557720729,4.380938326327927,62.95793472596129,72.44289054209719,2.0
Areias,-8.094722,-34.938865,10.0,27.061948581238006,28.833030653092795,33.66949965072344,14.473224665578115,0.0,2.213915032386221,72.20824332797686,70.05405406881377,21.0,26.215150290294662,26.554586243197534,54.63229730387915,44.14027732466381,0.3587074337650044,1.439563175399857,77.97369341497807,69.89965213761218,10.0,26.20977354824867,25.14689500329012,50.119482618848366,131.5267916130389,3.2707968294197904,1.1763358857836417,79.75648288404402,77.63885433354221,22.0,24.62429090720797,24.762806139644603,56.02018016640199,23.365356216638983,5.112295283101114,3.520326795461533,77.43893261298629,71.31202715514655,6.0,25.72256920798088,26.63217002667249,15.184101413181418,10.106078576872063,2.427407289562387,0.2777958268231733,71.81861445443222,69.98989969704398,5.0,27.82759295581984,26.80594278829785,5.837326191054902,5.837326191054902,1.3512366586759796,3.04150671446018,56.49104333304008,66.8787394500931,3.0
Tejipió,-8.090158,-34.964964,4.0,26.63623396605806,25.93908287470808,13.683687136220664,6.595172608521676,0.0,2.5776052314980475,63.19280305910298,68.32015923132829,4.0,25.445224837657097,27.094521021003175,12.88858268409524,39.52175540593598,1.5745231940613336,0.7640859131094742,82.50704341650007,75.21160236934728,6.0,26.519447754139588,25.574080519597423,138.86002974790875,51.72139546852101,1.0408174649653952,0.462850098153415,85.73137722369202,78.60937513875673,6.0,22.729880294908305,23.44935680443277,258.46014010404883,35.33471986115567,3.856841675652718,3.257934982154082,82.00984609170402,72.4672709447779,3.0,25.089270250387543,28.242373700678584,10.176978838605116,6.187445795381589,0.2192229606136959,0.6064173296910609,69.34988945436267,66.21759547950948,3.0,27.40446549095485,26.70169548986787,11.210418969469352,11.210418969469352,0.2842453004158065,3.145750398338074,57.14293168272396,64.741777008894,1.0
Sancho,-8.084781,-34.966061,3.0,27.99593652637624,27.885707232244624,25.173349439672823,22.622600721930265,0.0,3.53165360819158,67.52035216682411,68.53286430242099,4.0,24.945888799449072,27.425119719346867,91.3841534737248,5.181686284834687,4.874637583139045,2.4709571003491746,77.10281240209332,77.76274648097205,1.0,26.07184546190877,24.554478480749854,74.19836708664695,98.26172250626009,3.7361001590995686,2.879689723311416,80.74765167360263,80.74823675603548,3.0,23.854624930528363,24.349336874611936,185.92084128941596,47.19104835748514,1.5128501907117002,4.224539077084117,78.5809183355329,75.73203741453291,0.0,27.08882665479613,26.151194450517345,16.58582055136691,8.137276479822908,1.9385861941769265,1.468449838554382,63.74603855596931,61.97704623424809,2.0,26.98723212533224,27.54153986848756,9.378322436816584,9.378322436816584,1.044566117714791,1.5694721061216164,71.98856947261507,69.91886048727396,0.0
Barro,-8.09861,-34.967189,1.0,26.395998921892183,27.31638855890506,19.541098059542364,20.69768755672186,0.0,3.278199412766328,63.21371763684938,63.96257918949042,8.0,27.32416920966728,27.74311537315876,102.30876294618083,19.13318985443911,0.6171345408459001,1.7664087804986996,83.32691614948054,80.32483965496604,8.0,26.350854570545582,24.246346876710373,59.4972835725611,24.571328390601423,0.5208320300986288,0.94059801200686,77.41137845711366,76.49524934812501,5.0,22.9283115317952,23.590649039771023,212.78297479325323,37.1741615057874,2.5069509816319195,1.7317444463402751,77.25602437824465,73.1390202562039,2.0,26.48828762064113,27.34370622809825,20.29964501304431,11.438047135748878,3.121432346876537,0.9333128075706892,69.84656157586689,67.56552114222762,1.0,26.70726647560077,27.522597714339906,11.40012863210601,11.40012863210601,3.258577674769543,3.6303273921379966,65.2947996165448,69.62147043602067,2.0
Coqueiral,-8.086793,-34.973544,3.0,26.11364561880318,27.13723059993441,27.46322564356408,14.869690187363314,0.0,1.413489014898281,83.10931790952964,73.73824220970073,7.0,25.53163025485827,26.79614844453704,81.13010860371634,5.8408196137469535,3.3889409408005697,4.141056224769846,82.3492382764972,72.43508101285401,2.0,24.820727535503075,25.289050742373355,96.46614416110202,82.46481566800753,1.3103117490400231,0.7958539433884371,76.24980655426587,77.84048597870502,11.0,24.179432214816146,26.530568838720846,170.4043125830992,42.49785467254673,1.7501716091309285,1.269904580142838,78.51595500486904,75.47325968410877,3.0,25.438593359835384,26.77395725556217,25.995514969816615,4.876462747710664,3.3744861410538967,1.9877499662426596,64.30866542939303,68.85096023338016,4.0,25.58894209336273,25.831744209361837,12.987817363297784,12.987817363297784,3.347429424739835,0.9784667239950574,64.39881922714734,66.82250932798796,5.0
Curado,-8.071223,-34.977964,2.0,27.688838479872352,27.31947773306283,6.214757650000708,12.14540158225491,0.0,1.917723054877436,74.23115374143148,79.11799619341235,3.0,26.77354471356705,27.521385993905405,45.82341151903575,28.39269724489929,2.537340953740368,1.6868534568555893,72.70066354590267,74.82022773573381,2.0,28.802928789326035,26.07768345405172,85.4984481387092,76.55612262694234,1.8440032790334944,2.1169621182168386,79.81630623304656,74.78597221883636,4.0,25.58222258031537,23.30395918563523,149.68968407716054,5.793427856592679,1.091489242473335,2.590322000924919,79.44574425074096,73.78385602891011,3.0,26.993889917553695,24.96399005444564,0.7799450207468848,10.887863082967794,0.6085715765231319,2.462581054028455,67.36387131689254,73.42094877910718,4.0,24.77464036125344,27.04411686615047,5.996149541902614,5.996149541902614,0.3536032584598287,3.790836245431236,67.48240893674675,65.89199607936457,2.0
Totó,-8.082753,-34.97059,2.0,28.486642512496864,26.910168207623997,38.42259298474944,20.68599252281396,0.0,1.9810803207751064,69.1361227529525,78.26254264180585,3.0,26.168662402916645,26.915873388399003,212.0615218639216,23.924425526406765,0.5033525699658303,4.110337514229357,84.84890702446077,68.04588535382221,2.0,26.41206879668293,25.155752913828632,54.52174282006952,16.76402708447185,2.122807101094195,0.7928558994429273,77.45344942369039,75.79172811088773,4.0,24.24293834338234,25.328728400205183,202.70527740931135,16.312609256130646,1.950027952827581,0.7683634362362043,80.95512394285659,74.59937535574566,3.0,24.8385601441138,26.73693839838525,1.7162570534978483,1.0555909654624926,0.0556775540285894,0.2005274864010646,66.85841445112905,67.372071726708,4.0,28.29649200759085,28.584715200119827,9.309822405098831,9.309822405098831,0.595090333285444,2.13401333507185,64.29499136816617,70.76559510157644,2.0
Jardim São Paulo,-8.08227,-34.952952,13.0,26.14570602035881,26.986359925697144,17.164437545886983,2.836456282020336,0.0,0.1328580457587949,71.57266049876154,75.55879092990459,14.0,26.040590388947184,28.677326801566085,68.13744313388833,30.191810045949317,1.5630256331067127,1.240560190535687,76.939069355631,75.0919646879158,10.0,24.889398670260206,25.90521217492221,14.790160024291048,20.389521529521872,0.4820155615979568,0.4415468563033971,77.86569859973932,78.0190362769323,15.0,25.46445876490453,25.72488172178656,180.54850261380813,27.29132854245294,1.713247327148404,2.694715120863692,74.65582636893102,76.6319257368859,6.0,26.032727682860266,26.10898066255967,5.394778780806134,0.7523745747410997,1.5866552832502951,0.3144575704545527,68.63789145616653,68.78733153357706,5.0,25.977003897184545,26.414224772955595,2.9341533183759063,2.9341533183759063,4.927142832190397,1.482800171029513,67.5477225364232,68.90200893575137,11.0
Brasília Teimosa,-8.084596,-34.888363,2.0,27.981769232898817,25.87594570624531,21.49631620786386,14.234035810314928,0.0,0.4550867067119531,75.4845879928407,70.20471874485393,18.0,25.62503280937532,27.29942208359354,127.17272854811269,32.67963216005068,4.855912758351026,0.5237425888472667,73.30890667718128,79.83961475364315,8.0,24.76634869272434,24.78133525555245,51.90001917662076,289.3684138177597,2.140415418981449,0.309259996363759,67.74906572984155,79.77527388099331,7.0,25.770098867611825,23.19188126141286,266.38165239520407,5.252243260968822,1.7990327568452384,1.4815034889883534,82.023561731377,70.74358064229662,12.0,24.15404459608971,26.125460155333464,4.366650501675144,5.475113833054782,2.6165788994648187,0.4462799154673404,69.01057639313558,70.35581358645622,5.0,26.8349755436071,28.577718267983816,5.956781484797755,5.956781484797755,2.4263109334212505,3.0092293122567657,56.62849403035486,66.07258034229164,10.0
Pina,-8.096611,-34.911629,9.0,23.259550733845582,26.38728739450946,14.09742839837764,15.650851003027936,0.0,2.0656815600245726,66.69848778433206,70.97078436149447,11.0,25.80905544241107,24.786201284623846,51.45928339028344,23.627423041261896,0.7780528723530382,1.9597157380235328,81.25556137395881,78.35985271575214,10.0,27.48765937946812,25.2011382156857,81.40701717416658,150.2981890652688,1.96053443077296,0.7566351851808097,76.59177606077155,76.38332022818663,33.0,21.89506783051914,24.08827475297251,156.83175031084457,36.107712498658685,5.868923706960184,0.3242224403327054,79.52634118207882,73.9975518417686,10.0,25.13424831897496,25.082691503767663,18.82847878901781,2.699164842144001,3.774666790666828,1.3420940639246497,63.09219854035608,64.87672204067708,7.0,27.55212796746205,26.62975663776879,2.799683871509152,2.799683871509152,1.0546926830893668,0.9576196967441925,72.50279659452492,72.68112956555318,11.0
Imbiribeira,-8.107386,-34.929638,6.0,28.03840087284156,27.39725568904768,10.963889683511931,17.164204771737406,0.0,1.2978609971665107,72.33661897435425,73.83811177018165,9.0,26.445311850938936,28.98128126690711,56.46723882876447,10.204518259161162,4.151565021936282,0.7880585434663938,71.19187745282352,70.27069547617268,12.0,25.27876741137531,24.596724021595172,31.128894099343636,67.38391294237182,1.6194906430392968,5.115915328207547,72.27879769838856,77.11873108506131,3.0,24.420780067814206,25.28488444235575,136.24911411431762,41.72248338462121,0.5401213104351621,1.773137747337742,77.95583643990395,68.20881288347672,0.0,24.385660658267422,26.29149176341757,23.35017209314073,3.467879428806827,2.4988241524164936,3.40445293386758,72.76996745797628,62.33113422391829,1.0,25.93585693291918,26.720069865553214,4.3696932933187576,4.3696932933187576,3.311327514621172,0.4364362903876801,60.36601144914481,68.82858452519417,1.0
Boa Viagem,-8.126937,-34.935744,10.0,26.32782316995393,25.743502125339635,0.6950286714594682,19.84248076280773,0.0,3.967745756667141,63.73487501619254,73.27351057678445,8.0,27.386839052304214,27.28888484378313,114.3037608329524,27.71055759684221,0.4744992391398102,1.974451475746948,74.23339550331032,77.55775797945194,13.0,27.578777894527526,23.36178770419859,61.60536337914305,220.1095301362551,0.7955207563346927,0.5775113004814993,76.90808478095934,74.7485495491469,12.0,24.571248940436732,25.839457053330893,223.902154405762,0.3228921410069034,1.6347738756620744,2.288359975391777,80.18118381153471,71.83288388527802,4.0,26.63793419171428,26.6104301016724,16.875085253734028,5.570652657896436,0.4281744233294811,2.950245088646421,72.06657694030895,58.94579123512703,5.0,25.24732539945995,27.18542969762477,13.839525104157712,13.839525104157712,1.623738283443292,1.001921982732156,65.2337959592966,65.71535724867897,2.0
Ipsep,-8.109947,-34.930581,8.0,26.48005734659292,27.66784152666244,23.0556472279684,21.052891493635144,0.0,0.7492741175173021,70.0544642420796,76.80369283074258,3.0,26.63970764977935,28.29587145179421,101.73982106649947,9.37625156062353,2.2283730250384157,2.340839979814304,77.40591033332707,83.84355699563392,2.0,26.15695782697524,25.047520540954203,32.85757546717976,50.689539223711904,0.3391939306020057,0.4013153909217088,80.660596741548,80.1295071629029,3.0,24.389958722976328,24.696517512204487,100.6205592960926,57.43818753283367,4.11266389855785,4.223161689324289,82.88395741078982,71.9098915565897,0.0,26.376646884032752,27.32593882969501,11.027327360082293,1.373499718082586,1.4599700383258007,4.181658796026308,65.95979580363807,67.46330703253781,1.0,27.01696621694313,29.28987709501845,1.5113465571683715,1.5113465571683715,0.3896322504164635,1.9673488850547785,53.09133955211568,61.62300330866553,0.0
Ibura,-8.118345,-34.949909,5.0,27.784457562852843,25.547224807176413,17.240290203886815,18.018541380843136,0.0,2.078645149497633,68.70400234260781,76.46878638998767,10.0,26.529567409635643,27.85890707182104,130.18666159263316,16.91222611323902,4.206971429385271,2.934050907953768,81.22628692359055,73.38473372668345,20.0,25.152492731704516,22.817026745294072,99.06484104220392,146.2858832960283,0.835372738990657,1.5272348607561663,68.0833993968156,78.7992463714756,14.0,23.269829419967373,24.74553544623509,253.21288479827035,11.029850916583268,0.4731196103693907,3.806039185035704,82.24919331815826,68.5957927653257,6.0,26.771066312174323,25.80423827687189,5.343958610451586,6.649386254381285,2.4259298860116245,2.606497849567356,69.90084597560327,66.80826590072684,6.0,26.64563573049161,28.81273030074385,11.13295866851796,11.13295866851796,1.3848449366533844,5.003376678458501,76.54602112098738,64.13608071657187,7.0
Ibura Vila do Sesi,-8.10957,-34.941598,2.0,25.26944359883232,27.16719972064881,28.25691927141589,9.406064426839714,0.0,1.8413072509457276,67.04849843561374,75.14884434702381,6.0,27.08476991795537,27.338417963490397,101.1975431767905,56.15451674490639,1.7307450966352904,0.3581331370745961,80.33304803799453,66.27234850979937,5.0,25.97431375689689,26.172950638394127,86.37038985022858,180.27368683540683,1.0108473614508753,1.068161325705324,76.79488669520478,79.8569599094025,3.0,23.059486628167804,24.84297916777033,90.14293580096856,40.51337552129361,3.1190784473220465,2.207484541897328,79.27479937943338,76.58392197196851,5.0,24.14037979490597,25.2437367195828,12.426728605337836,3.969342832863252,3.0873423524482897,2.2454608552590622,66.94530804486745,71.15735084752501,6.0,25.38077948095745,25.607962774209177,6.965225884908239,6.965225884908239,3.4571817809350898,3.3598097057278333,59.55984200986777,73.78650052854867,21.0
Ibura Parque,-8.108786,-34.945188,0.0,27.41539504017159,28.31373924893406,9.580576006797129,22.250694667606236,0.0,2.201146957248156,74.27642244236932,80.58977200424347,0.0,27.461322897293883,25.29060415355276,165.85106155575903,26.02714880045021,0.7424703457800637,2.621212250443511,85.57309338932942,61.23950729853614,0.0,25.14032258415463,24.889072059286992,118.81828301581302,199.3775604770144,1.580884055153619,4.425931132717675,78.50366070969628,76.23911330685706,0.0,23.97319675120789,24.85990692155465,96.69832697223517,64.30996463091604,0.8081974418383342,0.1735888044121301,79.9672867679,74.5970430070709,0.0,23.296543381442373,25.59929159864851,11.941222287800812,7.55080968567435,3.4260665137231627,2.195047281075364,69.76496479698669,69.9448626530146,0.0,27.321845480008704,26.894807584765,4.316737210002573,4.316737210002573,0.698207785324106,0.3576416575818308,72.94538837023578,68.99314063555191,0.0
Jordão,-8.136478,-34.941443,34.0,27.02591948663732,28.24665630646559,20.008273220487347,12.665644385249664,0.0,1.815183383484304,65.34553576411663,66.92215196218721,34.0,28.845312906584223,27.94838428992271,106.96855799694232,23.74754392712984,0.6476137204456539,2.610163044647487,76.22584128204599,67.8661372740072,37.0,27.549150389270046,23.79381590526451,71.09262398808742,109.20953306024543,3.1726275802095367,3.7153643293356606,90.93693138031036,80.10073941564278,41.0,23.993271460274645,23.74494638023095,143.7786461112993,8.562493102336589,3.776026952545751,1.857908701072846,77.35514271750087,74.62886778737742,27.0,25.01247135874621,25.818691107512542,3.4743472225762364,10.13678061525318,0.142220464016185,2.268800658034011,69.55465754997088,65.9440397013711,27.0,25.946885814284816,26.646400475371745,10.9440109893944,10.9440109893944,5.281492805234201,0.551330820533569,64.65135411025149,65.41495006318411,14.0
Cohab UR5,-8.131022,-34.949872,6.0,26.81268220040354,28.323293758244,3.8032259456928337,4.588854704586888,0.0,1.5217962127517664,69.48542393228963,72.14529788332098,11.0,26.45056587342759,25.795316069763786,127.2723590290825,23.808808109606236,0.1840644314547277,0.6792311290764554,77.90633960611186,74.67657111131211,10.0,28.014744510075538,25.01724325572826,14.997323676148897,64.50047770330107,1.007272173419737,1.8016422182119487,78.12941327876607,76.42326925509192,10.0,24.119752720540813,23.38447969805471,123.85482911535138,26.3011206023982,1.795311622259412,3.4447028223510143,75.19576863542117,74.3941586075705,5.0,24.66191861074219,25.907401335144566,5.503827705668354,4.945009323522418,3.468236205975866,2.815856964123486,71.13403697830893,67.28510239278673,5.0,26.73103283432148,27.636373633038904,6.94258814010318,6.94258814010318,2.1567880840979274,2.699751514347702,67.81195130684364,69.72863135035806,1.0
Cohab UR4,-8.131016,-34.949872,17.0,26.40019339343969,28.76643598446724,17.801923977388252,16.159705412272444,0.0,1.2490139059026022,76.29190340044664,74.84948649827888,2.0,25.474644856970443,26.971238684130824,197.87718460398025,25.86640423255272,2.513757741297635,0.6081617612726107,84.94359579624196,71.14106415156476,8.0,27.40482274009022,25.797170705909224,67.10805011034115,176.15778567487803,1.3420818631051104,0.9718233305074628,81.41779869480172,82.30708234570874,2.0,23.20973614716415,24.15039061571436,144.84161537752877,42.2142992974981,0.5635248505463377,3.282465361066158,81.40469398800657,74.16574110983312,7.0,26.322891010144883,25.881543607779204,2.8547655137290797,6.841160635469521,1.3274206489515044,0.3986836201016195,67.8323895704353,67.63731635997432,7.0,27.68360348888872,26.652241457739937,1.6297944289335762,1.6297944289335762,0.5348091988770431,0.534544100142643,70.93644723973354,71.68416533681489,8.0
Cohab UR10,-8.131016,-34.956439,7.0,26.65294291398046,26.22171425585297,5.8178348802587845,26.75877982256641,0.0,2.3428615341585664,70.45257860558816,77.22699135332981,12.0,27.910657185676158,26.50787419432956,78.41558984766972,47.28853064202461,3.554148396770886,1.0766254638247124,86.59219481400902,79.23215550970914,6.0,25.53138928036045,24.943410881148232,33.266008216891564,103.65217353149926,1.7787473891979768,1.5603119229135778,85.70684369942613,76.96795880483589,21.0,23.171136204080334,26.268611492267425,39.1955048105641,29.024569067890475,1.1859059848454003,2.9515030250907066,77.14288441801298,74.20354058287927,7.0,27.84150319510441,27.966884637216364,16.283954275692935,10.987688190333069,3.158590057171581,0.7783057963367388,68.663484572645,64.87789939216883,7.0,25.84560707275793,27.06971898770658,1.842673340059844,1.842673340059844,1.938998390912254,0.2135046198713812,67.23920676466354,74.09717625413553,1.0
Cohab Três Carneiros,-8.126685,-34.956598,6.0,26.817861906613054,26.10404170556467,23.16926065029045,18.445790693698687,0.0,1.6301672157410398,69.55247595622595,76.19169912105224,12.0,26.83048271285755,25.758903865158903,234.3827577703588,37.997509146423226,2.847767032773535,0.0542084499705972,80.46797686153866,85.44509760144588,14.0,26.45959523260746,23.941452170813108,79.02177751117506,311.8539889033532,0.6881234028125953,0.3628636742755016,82.01517904284961,79.8345054516631,11.0,24.509513571473843,24.73541458376723,223.7694521579304,39.82721277547479,3.720957268936176,1.898203984901233,79.44696680084874,76.34199109166958,4.0,24.95754860082132,28.10828373754984,30.92385087293183,0.7970627669638102,1.553155445528497,1.7951548525348862,65.2839922474542,63.35453505233529,3.0,26.878923208845528,27.4734249268729,4.705295763055505,4.705295763055505,1.0641074762260394,4.62231641280899,79.40046123253153,62.88210382231978,3.0
Cohab UR2,-8.122149,-34.956233,8.0,28.39698069123907,26.647643260424204,4.123621613622619,13.84014327665614,0.0,1.94613709316917,67.04346847202932,64.47136357843145,8.0,24.69865768190916,26.70196577298066,241.71756705534236,18.037587647824928,3.740797587281424,0.938292783103758,77.86584218014524,71.7932105368082,22.0,26.18129811141129,24.828081861383687,60.07847976735472,176.28895238681943,1.9855092481546688,2.232112857176123,81.72883610927879,77.94390720054041,3.0,24.657883781350915,24.7133221819347,107.79140541949776,25.24009935624575,2.0621603687525782,0.9161594639953706,78.25906667553336,77.50832480770327,1.0,25.83445343905557,27.52413592568437,7.693232805878344,4.96744176950191,2.7409323102262646,1.5023692909662,72.26975464125,63.04214122363613,1.0,25.927061216267496,26.389636780196383,4.062419709767147,4.062419709767147,1.945382752860554,2.896763395893492,57.26724775643932,59.556639954523774,3.0
Cohab UR3,-8.116549,-34.95687,15.0,29.309905762691955,27.841142786777283,31.225723910783103,33.22520344218401,0.0,0.3628000242601221,70.67028689910218,73.26132070901942,25.0,26.474409863272253,27.73552273620019,87.01576037670992,5.281657132578792,0.2849922400568041,2.6111460441321084,81.69205361994257,70.47580040848786,11.0,26.40297295219876,25.971897958411304,151.59927370388328,155.42144356633435,1.3619545957558026,5.257818623019135,74.14619903639553,80.01822698759284,10.0,24.91205408123936,25.32622172991395,147.87093992547284,44.45550120148326,0.3679322716775834,0.3887271075771965,75.94202549215436,72.73373115446566,10.0,24.32770651284307,28.85649401419054,26.14991895291196,6.305224012649399,3.009444519240416,1.3325281577695407,70.72772796900769,71.27133621793675,8.0,27.24272751703918,27.346257241202437,0.7623789231190745,0.7623789231190745,2.998508854820048,3.14989051350686,57.84402753530487,74.21637680858082,6.0
Cohab Monte Verde,-8.115657,-34.961998,0.0,27.51238513955133,29.36000936300921,21.690818929950048,29.465801186984848,0.0,2.1952915459393862,64.72412592092473,70.38613278982515,0.0,26.866948989577438,27.2662974502476,181.32138081346812,27.05520960458282,1.4026347208125556,1.4535392168064232,81.20669412802825,81.43336606353137,0.0,28.269183133093176,24.44757229709317,66.65731542939886,114.4055030674432,2.5647761166460947,0.4950298940538811,79.5539260086877,77.01635713681084,0.0,25.001941510087725,24.864802811912075,218.891263988938,27.60378638455989,2.863192738467163,4.400409300799461,78.04075161660889,74.18024358159028,0.0,23.63458901229602,26.66680383960093,17.355150796562132,8.512814234842278,2.799902178670945,4.2460345668534,70.34340491132808,66.70674416602824,0.0,29.26728367868381,24.94474163102096,11.027167536988962,11.027167536988962,0.3097862765100803,0.8846963447923439,67.85650799338725,73.9394194374017,0.0
UR1,-8.120135,-34.948241,9.0,26.24852034726829,29.853517061721814,33.262400107715564,5.127998505836226,0.0,5.697581574771252,74.27721787699002,69.01392320371389,8.0,28.636966747732497,26.54957845902227,179.81101669425925,27.019783785760488,0.6048063667691592,2.3135645962147637,75.48307916098666,88.58768904891554,21.0,25.3209455423207,26.59614608318288,58.18087552073436,108.51790662604137,1.468972656524134,2.7734100723362305,80.48222416890535,75.88612844090642,3.0,22.229830525790835,25.51730015354135,145.69561936516683,69.43225518233338,2.7400843418345247,0.9800185765974696,79.51618611784899,71.03410159948265,12.0,23.81412394387987,25.39902046293132,13.716624247836965,2.825577808538278,2.207352170781792,0.8362760958901159,63.55824253249891,57.44300951519546,12.0,27.816864036751756,26.426434165818087,10.531427628391675,10.531427628391675,2.114113219104276,4.446097293941765,62.47173675378726,66.43295318675278,9.0
