Bairro,latitude,longitude,cb6,t1b6,t2b6,p1b6,p2b6,v1b6,v2b6,ur1b6,ur2b6,cb1,t1b1,t2b1,p1b1,p2b1,v1b1,v2b1,ur1b1,ur2b1,cb2,t1b2,t2b2,p1b2,p2b2,v1b2,v2b2,ur1b2,ur2b2,cb3,t1b3,t2b3,p1b3,p2b3,v1b3,v2b3,ur1b3,ur2b3,cb4,t1b4,t2b4,p1b4,p2b4,v1b4,v2b4,ur1b4,ur2b4,cb5,t1b5,t2b5,p1b5,p2b5,v1b5,v2b5,ur1b5,ur2b5,predicao
AFLITOS,-8.03921,-34.89648,0,27.549433390734947,26.521972752157723,11.16315564655168,23.00773898418559,1.834665842128596,0.2490036967109796,77.8945915880167,75.90856053811878,3,26.527658594518694,29.792636035618944,8.826319991831012,14.427582892569786,0.8848624938789962,0.8196944612605892,69.96610905498527,68.5905474748893,1,27.033929318085544,27.310862779871016,36.38114886353926,102.95777378425186,0.7160728360746075,5.312900420374248,76.21980122578451,85.80811487378146,0,26.28366443505827,26.529344493588184,130.07154619146877,296.064270915111,0.0885449875498298,3.6050571477645343,89.68143628106002,90.46480983133227,1,22.95407200492824,21.891765317099456,92.1845109739238,69.63699477223874,0.1612429342602315,1.365869209825722,86.39538045215893,81.31255190229422,0,23.008222490603544,26.762522454187856,43.487414713506766,43.487414713506766,2.339108147997477,3.0699115862830606,80.38692802804535,79.39539745261595,0
AFOGADOS,-8.07733,-34.90647,15,26.287947672478307,27.848283769110136,1.0354471537393692,5.302152720767912,3.1497181936766383,2.293444045112219,74.95838559567503,77.24172637083096,18,25.493923893337843,27.90671442919061,7.468556733761801,5.467035343333411,1.1607458722311257,0.4428507330785274,71.48723842353404,71.6287827927692,24,26.27770555031413,26.232150864448485,32.44003236106721,66.4245486424268,1.5155921189563513,2.7198133927754227,81.67192444113034,87.70426749679471,17,24.31875820574897,26.171823988872585,237.63988689394745,151.32750293346024,1.0674619009379387,2.34195673842378,90.4905368069312,93.90678727578842,28,23.010433599027213,23.42833980908387,172.81906063772095,64.0436412806589,2.957475005549373,1.9131405107799424,83.47551441015463,79.99741735538655,16,26.042150324551255,26.78268436971569,57.96017558379066,57.96017558379066,1.6101296025489713,2.017977305216487,70.75359772032827,73.90208369177576,6
AGUA FRIA,-8.01697,-34.89823,29,27.99500331895513,27.92386117051181,5.076837978597913,18.39167514837083,0.7819574674233563,1.384599184152255,72.58595563388238,77.54510038521039,22,27.528257676611517,28.82984626462687,3.3866312858254943,10.845889232926837,1.317597195686106,3.6638198680341914,68.3259319145653,71.07276224006301,10,28.109452322779347,28.294242664721374,47.17760111731358,114.81677504111089,2.152221559631666,1.8244085078709429,81.13124450978611,83.71199449080012,36,26.6784442569762,25.37153514866656,120.21405827497566,149.17882589216163,0.7098760765848446,0.3717764498698515,88.85774432061729,92.03990969875596,23,22.83010578688662,22.02565381336934,150.9290336969229,45.663545532151616,0.0417352927167267,1.9870518211885315,82.56490927938897,91.21886098769416,12,25.819265297822604,23.90224851271625,34.759130452029304,34.759130452029304,1.0685483443009909,0.91137145115034,73.6322680771575,69.11254858940424,14
ALTO DO MANDU,-8.02252,-34.9281,1,27.9209336964525,29.331542616725528,0.2898766161822492,41.613736568572605,2.9939943662039745,0.4136260309564123,74.91492375495793,79.22819370684016,3,26.762357085167764,28.437293785337097,13.567938524028536,9.981191341159134,0.192733658923605,0.0240570542856957,70.2381528864294,68.90616607855988,2,27.38923214328006,26.885587602994136,72.2462777011416,81.99900965689581,0.6311181144993203,1.5271750617219888,88.2551284040277,90.29671669419189,1,24.34739342158889,26.16179590035011,110.95218988800914,142.6942044846752,0.1017527171539056,2.430673075186077,92.9296685553064,94.1699706407783,0,22.798180852682258,22.43312039723254,271.94654478623795,87.77985963552194,0.5578568591873259,1.2217251557904778,88.2288396228089,80.68262038863948,1,25.98582117143077,25.11655868183,22.859241620572696,22.859241620572696,0.2665652265824916,1.563286880157792,78.90096055804432,69.24618479097026,0
ALTO JOSE BONIFACIO,-8.01299,-34.91279,9,27.353608303553514,25.0858758938894,0.4686716547259286,2.0479523168041407,1.1069443635959957,1.8008191146072448,80.93257420469516,78.73209143202814,5,26.73649746029829,29.12909890521333,5.205934724848395,5.345100636769196,1.6149812276552205,0.7639076671485812,69.60426392892204,75.15567622316962,9,26.51046435455084,26.16955177021422,54.620573670134746,150.8953640683803,2.278870184533053,0.4855453530569824,87.10362465324852,88.23791816489788,9,24.148743018476363,24.209141800584803,97.38643675388984,198.38854450494367,2.7204733169025825,0.523714017968681,90.67196896397148,90.27813860431252,10,24.17399123291417,25.42940596922858,89.0352156635208,63.01341916067045,2.32511957153756,5.180878851355057,83.49237136809387,83.03692949442717,88,25.086362509980383,23.905993172387305,65.8090169706081,65.8090169706081,2.211245348578598,3.1441701069001504,71.6946254344967,66.63592508773085,4
ALTO JOSE DO PINHO,-8.02141,-34.90814,10,26.45526397163763,28.65088720522348,2.291723449942859,8.723308285993156,4.176891273666623,4.168700200148052,75.73515559516669,77.10099178746515,10,27.985584165386577,29.01091300648325,9.429320868846734,11.577967342533803,3.6496780120572776,6.271828439133915,81.3711405956661,73.64376909478388,10,27.279372516691225,26.277617404883543,15.1400366183921,114.2628622717826,3.142377883189482,1.4521909067595693,76.01542854811535,84.04240322616724,6,24.807134865294188,25.465040718388952,119.58857335442497,305.55275125427346,0.2313891873976639,4.058705964794087,85.67962304858361,92.0535282222379,3,23.43717128716626,22.542006388806875,264.13774755257526,50.4949729198123,0.5099724935511121,0.440151905393499,81.78811523945322,78.31605674586193,3,24.250149902538094,26.29243312142773,46.65496949844953,46.65496949844953,2.8969435529580343,0.0593927749687668,78.77882839045262,79.07600944385615,1
ALTO SANTA TEREZINHA,-8.01548,-34.90836,4,29.76470094458484,27.821985975471048,8.802997617165996,6.746045659345301,1.3541784531525651,5.834535917050603,74.02437714763698,73.46061958291641,3,28.626124208152323,26.95298942260421,16.580874639033325,13.830968943712662,0.794590398698342,2.427647317023556,78.11932507364978,77.53996750773204,0,25.98538348247435,26.947382013988687,50.77837780459189,60.211876187737175,1.5457606631415148,1.0585011668993844,82.32162568753247,87.46490902221433,0,25.691029710572547,26.19979462928401,121.61602311504768,317.9736514197977,2.2984192684777387,2.6286891439512514,88.62849776868117,93.80234817844244,3,23.075275691677923,24.03278084750087,225.73325580149768,2.487898201431797,2.388380678057126,1.1674898178752806,80.34596777424997,74.79953666499068,0,24.86399415059523,26.66397663798063,57.2553738882205,57.2553738882205,3.147730998791787,2.857146723594865,76.56797400985617,74.46940288916069,1
APIPUCOS,-8.01902,-34.93813,2,28.54434110334467,28.54235281043025,5.968759407376485,30.0584319592715,2.327393117514774,1.2008818928606764,80.49785581111176,73.51331718228415,6,27.095501879015572,28.21643858417744,5.445449292961586,5.84590615853349,1.0493497841238624,0.943485166100192,71.79425893257243,78.39088820172009,1,27.76396907062308,27.59684310549272,0.5426809755528552,123.40997025629792,3.859292222359464,3.2813392857124137,82.40603778148406,85.77065147289451,7,25.377080145835563,23.05431808161316,48.7951281292318,230.79737335714884,1.6364530856893826,2.5478451223064185,86.73327886128405,93.4769162077499,0,23.83618749927257,23.760216357034967,182.85449022840564,79.22634011624523,1.072302220593767,1.1333547951396252,82.29870361393884,82.53844499416672,0,25.274857967469394,26.67746954759785,57.49734373425869,57.49734373425869,0.4103454992842621,0.0240542101405825,79.8057892825189,65.66212980220782,0
AREIAS,-8.09423,-34.92781,20,28.06725103762309,29.899187652691325,4.122132939254698,11.585685976606293,0.2946460980248668,1.2560908942431008,69.18434963413242,75.18231244401836,28,26.334446595185145,25.11103294102556,6.429249326311085,9.45209014804206,2.3546037368190373,2.480823229113888,71.61347001448301,79.96583441278517,14,26.154610826822758,26.78075445217801,50.493667371673816,118.26452530086472,2.114632353263605,1.4015147803925063,90.34615359786864,91.32717081407392,15,26.27708588394188,23.899550953382683,269.3217920549191,227.0403662106123,0.5398328729514843,0.0114342711199091,95.01618148320452,88.43018110356103,17,22.139341169231123,24.222088904157527,204.44725768108643,57.63717453149249,0.0441910596666754,1.102728876153985,86.6896406028602,82.1051561633124,11,24.39233975108344,24.44046124670917,36.38706930957921,36.38706930957921,5.071246946494138,0.0837721335115859,72.47806043891573,70.72804034671331,4
ARRUDA,-8.02508,-34.89132,12,26.71431713465312,26.999693380533223,5.070771896456518,10.339032918372158,1.969754206026165,3.888560930862228,77.5734051817919,75.6062643475139,6,27.289126039328472,28.58909345293944,17.35994549574111,5.801983873525737,2.3048197607257555,1.8648330116631628,71.17655541100777,67.76097316304507,11,24.9618627985852,27.65230328398999,75.75625054056981,152.37835317987583,4.166027586105629,0.7977193106950043,78.59138383592432,86.18765107688861,9,24.199852568645824,24.279347102546986,90.85853758334277,274.4760166186829,5.097427225150951,0.6960060606049688,87.93814730180081,91.03479327852162,16,22.303046403397477,22.177947693933103,192.8985912006069,97.80548581716307,2.1703784317962858,2.823075578857261,86.80490964302984,87.83344315532943,5,24.70467409321948,25.642871052319983,23.32403663642721,23.32403663642721,2.539958755632136,0.5896241096102,75.9773609799153,71.7129312379189,3
BARRO,-8.09533,-34.95008,3,28.3420696699036,27.855388050671824,0.8972042198339136,36.460806845948944,1.518390662821338,2.9346892065511487,82.73207811990963,81.72815715583131,2,27.505641723550653,27.121639879020535,9.4012376662194,7.768614304638061,2.821677830538486,1.3429607236682888,72.81832517309012,72.92836967290555,4,27.01270064110441,29.06477422280123,55.55427304245605,157.2147505829192,3.620536415787351,1.3729130810004442,80.69850692577889,89.49177466490723,8,24.883698881559056,25.127978369485856,214.57690585678367,158.53345272452694,0.1783216216196799,2.5465730758473915,90.49376277205272,89.78513564013718,0,25.66594584673628,23.77941566842845,5.412648398675628,63.97647943122877,0.3564609962701988,1.00207456060943,81.04762400305012,82.43086263571192,5,24.258988374146924,27.12144828008212,18.396624789267744,18.396624789267744,0.5997101772336124,4.288543588095903,77.03576751160274,74.41699790019476,1
BEBERIBE,-8.00485,-34.89718,13,28.93245267693361,27.4328409104132,4.000074495233342,15.738335827363011,1.4648063045745523,1.0637783317113878,74.55942782948289,81.67676965312788,5,26.77625394481065,28.61383769003222,11.522911486278453,0.4520305917050651,3.967151136144162,1.8130540942086584,77.0889444327471,73.76107465194015,6,29.006325252559535,25.324626877439965,31.917090038503733,112.36522631386715,1.821419246958348,5.078549800973534,82.43621077936662,86.03290930361955,4,27.709122008864856,24.05976905124697,191.27543486419677,259.4160135567329,1.1672599117240474,0.7649697846025652,87.64939641634894,94.42600774512562,4,22.893312212610287,23.117477449068144,164.9347744746504,53.90204043248562,1.432046880436408,1.0610673991340454,85.96272519434628,79.367765732121,1,25.80865045176197,25.75256101243283,53.60945728748033,53.60945728748033,3.162406588138926,1.3008117505169352,80.88180946017053,72.61596344304017,3
BOA VIAGEM,-8.12351,-34.90339,18,29.61013297046093,26.75394670798865,9.13225428497504,21.18509949925589,3.0961844476038607,0.90336380927047,74.4221514950092,78.3984666198886,42,27.369231501308597,27.14854971167539,4.292107380721644,8.215449397038725,0.4188341327670437,1.7706644455677094,77.4370980603409,72.33599707618171,25,26.774835428975795,25.60642779945352,20.135647218780303,71.92529369792474,0.3202223526877543,0.4121024813348048,84.65683866212645,84.31449873762008,36,27.71955702070819,24.75158123814635,165.04418727709694,176.6963697158899,0.3824627239079794,1.0752555668862396,88.78963090411638,92.0966667834803,17,22.0574662665523,24.749257611609217,243.72590054951,107.58811244376643,1.721610078878239,2.375670337982312,87.713138501504,89.68415102428757,14,25.23049026985756,25.35887193295257,42.91477549336032,42.91477549336032,4.966033419194397,1.5670503052392932,74.96097374367938,77.1490329036863,8
BOA VISTA,-8.06176,-34.88729,12,29.126303691015167,28.983338598591292,4.709720790300023,18.078901119466494,3.956214221317484,4.1753899466596325,78.32271878200486,68.81354518559174,6,28.387392218384814,25.296558349155283,7.211014100345012,9.94290373920687,0.3526887415588458,4.715237866009401,78.89125688611784,72.09112105677552,5,29.58060567178238,26.256850985235225,64.45591646862279,204.10419338959744,4.941956631801846,4.727652886687223,81.36478751180421,84.5744385188979,5,25.00387495594418,24.919087037228792,87.5770865561272,130.72785998689014,2.117465381990762,1.2334961136151392,87.43385936687142,96.94268176576738,1,23.657782808355403,23.79870209768782,152.90031164634263,55.33136514623671,3.2854355939761306,2.5554636205398107,86.89825985673052,84.34768688277181,6,26.97224974335723,27.12240583454257,33.83828418883985,33.83828418883985,0.5869996794552377,1.7883257038292824,76.15905968995511,72.65059478337733,2
BOMBA DO HEMETERIO,-8.02151,-34.90165,11,25.4604163820836,27.14599552567726,7.847198545716609,9.769518300504416,0.691222845785809,3.152858955373945,69.54755474093874,68.67520001065792,1,26.593693986024427,28.21179101425593,6.826532660865065,1.80398206662952,0.2705740130548386,0.8839893665292431,70.57682982777818,68.57694433547556,5,27.827311657684312,27.31153284229287,50.580616916160125,131.31309302100328,4.727537492415485,1.8117447577892336,80.85331276802943,85.3719862740016,5,25.21012375275729,24.927474840313245,123.67378725257166,259.17959833500186,2.492961259694881,0.2750843101325106,87.14758201563366,93.19034330132278,7,24.52023301032536,22.09705840805085,220.34221618399485,105.28693927810494,0.1278309346547308,3.2066269161534224,84.21242847425077,77.99998097925672,3,24.16977938535089,26.89973460229106,26.69831659591636,26.69831659591636,0.1122766905479724,3.590399199763803,70.5516260826425,78.7811074284014,5
BONGI,-8.06597,-34.92159,2,29.21083211208797,26.264296658704417,1.7694557031897902,28.271152891233548,1.220402144320087,1.376303701439155,78.30903663383077,79.83542020179102,5,28.505656947920865,28.700432433597893,6.016756112152262,10.55426363519642,0.8872672745922368,3.531919541392119,74.536609903995,80.29297912878275,4,27.975874596977302,26.321338477649487,16.299371848033964,107.79297352247296,2.0059271827024494,0.1572838815714379,80.7012627678291,85.74317045723453,3,27.43277840401976,25.309909168217697,141.57274213384025,283.73530878805394,0.0373163369733147,0.1247970327390486,86.93458766881447,90.52304263396404,12,24.668849142836432,23.180869304163693,160.8499141503013,50.646121950605696,0.4107301409580186,5.020014336318345,84.61895641157683,81.68859155869859,10,25.693832867076004,26.533354856291933,47.63762540179501,47.63762540179501,0.7583423054941381,1.444572522277625,73.5954612726459,69.76371133568249,3
BRASILIA TEIMOSA,-8.08278,-34.87895,7,28.972071665377783,28.52929497592035,2.5951860275458354,6.987135617623261,2.265793432178034,0.5911919035171802,67.05963363542058,74.59284133204956,5,28.832834671880065,28.349964708670388,6.795099305071637,9.901593637583185,3.19405048089634,1.6609687329603204,76.6111360748468,66.83949213945522,4,27.947930062161717,26.400171091011863,78.52513827255382,141.18380974772228,3.549106532368868,0.4732886248096325,84.90871143301635,91.65094477986057,12,25.14614169652387,26.22641262653121,236.3933371003,161.51476811819964,2.195846909203908,1.7057335930252249,91.9152439529947,92.91221097307944,3,21.77042505556129,22.669433058156915,174.11600924662403,44.732313653090856,3.023745994576293,0.1468786072943724,86.50150400604299,80.69743443393037,9,24.20125596718896,27.04834386870048,26.331038614881145,26.331038614881145,0.760543564252355,2.622152701554048,75.69090450384338,71.38101376752057,2
BREJO DA GUABIRABA,-7.99191,-34.93198,1,28.24730096913753,26.52173062801162,6.043469688431276,15.746964010136072,0.907163185755974,1.3417718781075347,76.21677799437181,73.6673242332758,3,26.41130594060373,27.119619936522493,6.033489332595032,9.005571756261794,1.6311876530482874,3.1450586515073367,73.00386319430248,74.06039033593431,2,27.880934385490644,27.965991854451428,14.217127773034228,65.36536529649783,1.1619768984759926,0.6062896908834263,82.99879823979524,84.45579959453647,7,26.830810422897848,25.71425594300723,123.19203612619044,301.428320641867,2.327922600602406,2.5485701631800843,93.40598428023834,89.48603769172273,2,23.717993452788896,23.28551143690498,241.0523394622652,57.25402903598784,3.844796367946533,0.2139690191786374,82.52065334513154,80.82353110356489,1,25.654287393707524,24.725382223042278,38.80774227867282,38.80774227867282,0.9277637540209792,1.1986302695348594,73.89855348094902,67.22694826609337,2
BREJO DE BEBERIBE,-7.99837,-34.92431,3,27.624333059600424,28.296361204853092,1.543156560920162,13.80498773008799,0.931113870233081,1.188016044928395,71.75879319024264,80.2317964681919,1,28.137821798158345,29.43584853054508,1.1992980762691057,2.2520094496436425,0.7675867960774623,0.6051596081684296,78.90261981740268,75.65004175932881,3,27.007523152492286,25.644998987076622,99.35651070621331,153.0001332111862,3.1162116273215736,0.7293575972762005,88.70513032767495,93.27806053561848,0,26.154278443005257,25.29981732325628,138.82550682725082,152.79152962936638,0.7046111175236536,3.724671141968995,88.27105399302563,90.62383728567896,4,23.697255265520333,25.457597167215624,268.72731975723264,87.10878930803963,1.8867039984381824,1.93797453762752,87.12352064742741,81.24941097323955,0,26.83198634430968,25.07314295526716,40.05407419101744,40.05407419101744,2.76776439320504,3.7692996995419454,74.08759613485898,76.74353536796295,2
CABANGA,-8.07981,-34.89756,0,27.06340767330381,29.94720737628407,8.836705486381515,20.993073733526533,2.219677893599298,4.329264861510863,73.66366883509305,86.5896121003135,0,27.635158329045463,27.428316099353918,2.2328579755449365,6.11698911965217,5.506805845392986,0.921592020859806,70.10939919937573,68.58924801142328,3,28.9802010520192,26.910564379869975,57.12536730979208,114.28875988652996,0.0350016915771191,0.5132398908064051,84.14139954014477,86.80582094186052,0,25.24737202029475,25.520100524860467,108.06796475891528,191.10832136058843,1.619506736857315,0.1482063241800912,95.72126815847342,90.25232174255726,1,23.96331035936862,24.02111381325795,201.3878104237418,57.73073427324473,2.89657073199845,3.026392243726907,82.96378091774517,79.99547008677727,0,23.48344330065747,27.223059035416192,57.27813808954242,57.27813808954242,2.310948986212551,2.2096741729002773,71.64188406541547,73.67704586269967,1
CACOTE,-8.10106,-34.93269,1,25.277750734344615,28.95600275073796,1.4765180129642204,24.286635941999663,1.9495695909332995,1.0514324913137831,81.72812554440918,72.52571548988256,0,27.535970854967964,29.7044814171274,6.330494348628041,11.499563884160407,3.0494980953035697,1.7254989139812873,81.31722179908492,71.01448141391305,0,27.108568697611005,27.04629081912317,57.07904000344561,73.62534474690749,3.149662576222659,2.4448388908033403,82.51345902491266,86.75492900263463,0,27.234298443028724,26.623539932882377,58.25650632065605,119.63207184833888,0.6055047379148473,1.6979694335009916,90.26645562353956,88.94697233338852,1,24.48990301906465,25.19480919599056,121.20911435411038,72.87721800502729,4.376750582312913,0.5411395947734987,82.05351562842068,83.15839549924263,0,24.65151950535819,25.433174840237267,36.96323593068106,36.96323593068106,2.380013264831685,5.075914640057222,78.72939050106683,75.79039719218908,0
CAJUEIRO,-8.0121,-34.88566,2,28.37913523826897,28.382665988830624,1.0987738488908845,25.919926055412176,1.397185107895599,1.2459596435565974,74.24729012973431,73.03534521972348,3,26.351686895270817,29.56496889481928,8.077189438021096,5.491185475326211,0.1293954111798376,6.309375187232767,76.27979813941488,75.35936838426213,2,26.59654703806102,26.383113763882665,18.787320014055197,124.26455019452736,1.0596594406459552,1.28252667631024,79.46663539480569,92.73166280003704,3,25.930733995662663,25.775983650445895,157.46888545186445,169.51593542756558,1.3628707453651447,3.1720531704697,85.54067356686691,91.6419938435082,5,23.20051307520251,24.1537310869608,167.82810727244447,40.90415402181886,3.673655605004289,0.1866457964295267,81.28046777903003,82.25845656091799,2,24.66611834114743,25.417983468624836,48.82202902372228,48.82202902372228,1.117485576760079,5.21251630476816,77.72343162781371,70.71406600955542,1
CAMPINA DO BARRETO,-8.01653,-34.88203,14,26.13678715504236,28.875663614470668,1.782878883910909,12.322243085594556,2.2358912218181013,0.4503863800578735,85.01107754156806,76.628358684558,8,26.83873140790344,27.732334722634725,10.836698239450506,2.2074850729329176,2.698571899673204,1.6963163135322985,77.59343363677996,72.69623717511617,14,29.07451429314914,27.749682467151008,35.8104031946421,187.54910512150525,1.813817667568088,3.114131376355848,87.04026053307979,84.65117008503043,17,25.86303678412601,24.562646442236712,175.9332971303792,200.72973327912464,2.976942396113671,1.289252012710811,86.54260193199244,91.73976487790664,12,23.43425688530188,23.187333130497912,219.33737634709627,88.93118338402212,2.395452593805845,2.5276617297835955,79.68745315858706,84.20506131427031,11,24.241067097967395,25.00673517913026,26.67793033725109,26.67793033725109,5.079356762256301,1.4410768624894494,80.71808341598435,69.02883372939199,14
CAMPO GRANDE,-8.03165,-34.87938,21,27.497839327720783,26.831692156598606,3.761185568442184,27.049472876838852,2.853238039221502,3.2617818841936312,86.06171784834325,76.73591508725185,17,28.953861448852276,28.636312714079708,0.3518029405163094,9.37296692813906,1.162423052602814,3.201584667725729,67.92696874331796,71.53537875013934,27,28.65329739913549,26.649927838901345,14.5644494098699,198.59007719409823,0.4571493504730461,0.1840354574405995,73.9121550506791,84.65771452897113,24,24.885053467351465,24.443555611899075,276.8961629687607,309.0856883552556,0.274002163651542,0.5782172971557271,87.98980003091096,93.58984535565315,21,23.65269139096897,24.36888262727612,187.4754357743465,65.04371255418897,1.908469277955984,1.291025201045268,89.00053963026342,83.6936339443006,19,24.055222052719525,23.85074950804512,35.717796644540854,35.717796644540854,0.6004919386234941,5.027694621466429,77.28777089943172,73.58355834917747,7
CASA AMARELA,-8.02466,-34.91772,18,27.609741645490367,28.49278781963428,1.6575431094246589,12.224153919054013,4.621613483761015,3.205307683462768,74.0117517651633,77.33124680010175,8,27.550822039903505,27.457566242688756,2.4360716650234293,4.975385994670434,1.3982070065619867,2.4839756923685217,72.37402078593385,71.81480341092175,13,25.830443818604127,26.08646192692913,37.1988072802937,140.40497301413697,0.2333616378268881,0.4178411766655906,92.0542292338142,86.82282542901389,8,25.292820502893257,25.07781079801193,156.889491719268,223.84640302194535,2.4184415484447968,1.776567111408795,87.62660321685699,95.68774374687544,9,22.797206867486107,23.93277399846352,141.26768821031186,63.17531580714078,0.4752365884378924,3.96763678093792,84.33971392290044,77.59500554133197,13,26.54144880723597,27.43882395413284,35.445507357666,35.445507357666,2.190860872858415,3.1095617484178097,74.54040627941943,72.22424324146121,4
CASA FORTE,-8.03381,-34.91828,3,29.55365902202757,25.753717156987765,4.849545946605226,29.564127113907567,5.03192389818586,0.8339578976701052,81.09114564398453,76.66967513129282,3,26.27606373514921,28.737699348092477,7.77611600721388,9.162418039885084,1.928138790305502,5.540068763560259,80.0239127648375,73.053781785368,1,27.687927260939016,28.43488394866372,9.878866289572125,136.60755463725394,1.3509402795322043,4.312920562881821,80.63165838296086,82.44061170683342,0,26.436968926787305,24.551911593013592,114.11048677503462,258.5776815524865,2.355654948748861,1.296824457774037,83.96081464744324,93.61972080573148,1,24.12051958674038,25.5599532608876,411.6223368463572,43.96328978644652,1.9135643621321765,1.964328112642261,80.59567537921555,83.38175039664516,1,26.0382302399479,26.52701451671755,39.27330068040205,39.27330068040205,0.2726701699407921,4.041940664985869,76.34387916439043,78.52284180484746,2
CAXANGA,-8.03039,-34.94912,3,28.12836304167477,27.0512183608276,8.77856949542236,25.334513892104965,1.0361180950304187,4.227254846314711,75.49335417777706,81.73907081014855,8,27.970763466962573,27.44006065580794,1.343249571877557,1.338688027320539,3.867210779264373,0.3909436066717104,71.20722930571883,76.27012266432055,12,29.097743110284902,26.375894578952146,32.43336726383778,155.59711294173275,0.0686922757610324,2.431653344301448,80.55709280708655,88.54401230766263,14,25.151352822104936,26.129684086750483,123.32697228126388,194.7094165592169,0.6182656160485751,1.3419058537258173,89.09358285423212,88.23744782015889,0,23.199172785221656,24.15649288133733,50.627155039125455,83.93814370626492,0.7430698563290172,0.6639462905335922,85.79830345070111,85.0109353968549,3,24.13718167738137,24.3981438238678,35.1365055148878,35.1365055148878,2.598979030103754,4.055837958305325,76.56652337906337,74.70465555838356,6
CIDADE UNIVERSITARIA,-8.05442,-34.95163,1,28.544545606048164,28.13673709176992,9.708575534481302,9.298599921991151,0.0122755046360509,2.0785332843890894,75.22368385865342,65.08699696533623,1,27.681729361377403,29.7270250776156,6.319621274661691,10.254022995330995,1.3153972326814354,0.0115091698523976,70.97629805125419,75.13185702383608,2,27.408453531942257,26.81971651513405,57.11252787902015,127.48644541753414,0.9989517167375408,2.5048692124569163,83.16898024661167,88.70996798719625,1,27.014933943206152,27.4918463979929,197.72228992067195,255.51681262611072,1.1870649273389902,1.7373970362619748,87.76931155152363,92.53355120893148,1,23.75385154872199,24.873968529214213,170.51353517872903,97.91757705376088,1.7887122465341532,1.223335342022885,89.18239091521049,82.99630046619859,0,24.97384238649071,25.763608887871637,20.875041021937054,20.875041021937054,2.866833462567809,0.680784032560902,70.46154131213429,67.78920374383209,0
COELHOS,-8.06698,-34.88854,2,26.455371152197927,27.22573372165563,0.1625536163764218,18.560420152154958,3.270878271658219,1.7571086895131312,74.85617267135258,80.72033320028201,3,27.356394363465725,28.748459838469635,11.784237593081873,10.818828593458637,3.2551936982155727,5.106278196081695,76.42317092493272,74.75799624190329,6,28.264875588977816,24.808934349151357,39.26082668745876,135.8215287438467,3.0051717846319628,2.281988938488165,81.03332844272299,90.3384133960306,8,24.105394664533755,26.07361029921998,82.48559185006336,179.30368513997377,0.03513512420878,1.5989495141986585,91.5083829006514,94.508281285667,1,25.763431583465188,23.02665727848512,212.57707155526052,35.1290352226385,1.004453196936972,1.418936651442994,88.32014080556311,79.04235639331145,3,23.278570960511768,24.85877390767244,50.13297756984917,50.13297756984917,2.985393276702793,2.7091370488634787,73.52647505263421,78.7533438825705,1
COHAB,-8.12438,-34.95336,28,27.353482378265173,26.38928533249808,0.0255527463639051,17.111409950493456,0.0213907216264286,3.988467596977274,70.85426209014777,66.97915247423903,17,27.16857552091633,26.70297929187452,6.051845725026525,8.4950165607609,4.064237857958473,0.1869029424365846,80.40717072053661,72.79867566510285,35,27.08551096478727,26.7672832557805,31.058113197620408,85.97024115878838,3.246820606092083,2.2670096770357038,81.31786423791118,87.4187373406418,35,24.24291037975242,24.101773979959795,183.6247175940426,192.4859901337358,0.6894743831350996,0.1000419348232191,91.3505271781628,91.85045568364988,21,24.24803222015361,24.05858317377576,153.8824485104135,54.38478962408243,4.271567063528925,1.1801685455061384,83.08662593453208,86.61383641062537,12,24.206986532333083,24.55571175482982,26.360048448687728,26.360048448687728,1.8000326632213812,2.269741423915697,65.62623290237725,81.54453433575169,6
COQUEIRAL,-8.08786,-34.96823,3,28.22919560476507,26.74153538679769,0.0784078867207469,21.405443716566538,1.8341147686406307,1.913758113977078,72.75138582509717,76.07495544090445,3,23.911879436951,27.609295760217943,13.566743843194075,1.2670471688007403,1.6125251318141929,2.545001234519053,70.97930153596243,68.46561340001328,4,27.38366824377175,27.49159134888629,46.04140674160436,146.49177747455164,1.2449896453553295,0.2852157668125071,83.53006716645797,88.39470163698839,3,26.312659085405823,25.968838618382904,51.181912650497694,280.60637591279897,1.254381331632484,0.8470518632254733,86.053812340505,92.2100342555998,2,25.233903311832503,25.118702690273857,281.30149130473694,73.50161786790281,1.2620670040435795,0.6473504290286637,85.59572696648635,83.0559402286221,2,23.919350495160945,25.390019499629812,34.492503919643944,34.492503919643944,4.874333588525118,1.8211961213565409,73.58628151728232,68.30071580407265,2
CORDEIRO,-8.05114,-34.92851,13,28.52319529678112,26.78281846391945,7.312288913544301,4.502858162225735,3.390908744613813,4.15432855869839,77.42858082744571,74.03367172455374,6,28.033744023099512,28.336239600685875,13.85036787136734,15.020809317195836,0.6910838770701202,2.787900761456757,71.75684048157484,73.07284144834182,22,28.266629518868843,26.1123171135828,39.09587426295926,122.98637867090106,1.4434680984753634,1.1204161895149225,82.78054589239511,86.51054061141473,16,27.449179265804016,25.484575880543627,158.88582893826705,184.58042092075175,0.8138851298477292,0.6782645674575692,90.7552556246651,90.56074903187786,4,22.52824029042328,24.29309888264648,157.0095786950228,80.82722452319257,1.951498052018359,2.415785582620032,88.63570790923693,82.648590890912,24,24.545563028914117,25.59959032236113,22.96155971215949,22.96155971215949,3.520477244259234,0.1716367059370636,74.53308240395494,73.27014997102765,8
CORREGO DO JENIPAPO,-8.00644,-34.93592,4,26.960021782180945,27.23501933486379,2.2790526428034266,14.62102613909846,0.5451244742536283,1.3349161630174398,71.0740681886306,76.95734708717157,4,26.36473461910468,27.906698019758863,3.265542084075272,9.691152738619136,2.827286361101696,1.30621849356347,69.1572717297649,81.5486164305766,4,29.21983762352321,26.62865684075148,31.15676673884204,99.37005284424691,0.5607841584727429,0.1740826419474483,79.46070025707536,81.72377475251247,2,28.81802875285548,25.326662116662717,253.20438075583505,135.02634176166515,0.7793541739957199,2.328536671290466,83.45879265698737,93.60392040024443,0,25.72152783503088,22.8367477950164,251.87381017080264,81.29631948628595,1.5156224223733112,2.117267490360273,85.40770217903986,88.33143669534252,0,24.60293696474149,26.01442875675436,36.85548332305836,36.85548332305836,0.7523007571669835,2.7617185710628984,77.16610551268808,67.60748502899602,0
CURADO,-8.06813,-34.96186,1,29.236475865064182,28.05912826794001,5.447031135461513,7.167216974194059,1.3818699166502215,0.8461450735683518,80.68743849324318,81.9857397215369,2,26.202163942177396,29.88195487710487,1.2074805330515392,7.586472654450064,0.098556305765461,2.9526638766224966,78.16346319154626,81.95694988963334,1,25.815973952840427,27.558652962556945,24.95103205273729,72.17683779908624,3.2187976952064155,0.651046271843567,79.35376917189403,88.08214729221893,2,25.596199273442533,25.205267955932584,116.3370747428114,241.52441818003288,0.284770751574614,1.866347546412264,91.87747680866636,93.25114836636668,1,24.727482623467004,24.665099521483384,259.6907877057429,20.665005686050076,1.3829147692288628,2.220441082369942,91.43631013857356,85.65331391371815,1,24.73571164750778,24.1408912827067,57.55123624328527,57.55123624328527,2.6375173622715056,1.7560679840892672,72.24424362728406,74.8598750418787,6
DERBY,-8.05781,-34.89901,0,28.73015307506,28.835606963958448,5.014529216111354,22.636943608207048,1.3423399083925769,2.858723543311948,77.35981500473416,71.2098596267571,0,28.92787226711812,26.96251313911724,12.54693174930587,14.920716360901697,0.3383060113574434,0.6818573457525077,77.67551662125875,73.31709324910314,0,29.47696789732581,25.278589771435477,42.322714612159096,95.0353098227916,3.30887446497297,0.9902249296496276,88.69993839466484,85.21839415803211,0,25.75617074243219,25.14145065896448,75.29322110299854,206.6678488367228,1.3904058105318176,0.8348164062849412,87.90211107148507,91.29859369070203,0,23.010593959708544,24.910452953630053,250.922628158593,73.97501094736123,0.7760345094923664,1.0915046375652493,80.4879479114269,79.24589297985509,0,27.2334083847788,23.962892745931487,22.37388144018736,22.37388144018736,2.2361485202517564,3.2601957400935917,71.00603489662019,70.32899033897525,1
DOIS IRMAOS,-8.00438,-34.95283,1,25.3796150129808,26.42323757583172,6.133474581582748,12.10113515026714,1.6984323986069216,1.1072691121670155,75.8506987864645,73.5803000653263,7,27.766144458711345,28.724098040725703,1.152813269958446,0.366764906894466,5.526188553927597,0.7519859123073724,83.21427469819137,76.94934887856607,3,29.099077378978823,25.721586420618557,15.6806992543149,158.4054030159299,1.3685296910115925,0.8681045219229581,88.1977969996182,88.53781294708486,11,26.559402245661687,24.643409322335067,178.7597540172406,152.71086669529615,1.5980718914276315,0.1001563250507213,90.7750636115945,90.01110190059327,0,23.68774010558372,23.89608147640942,293.2339461150222,55.05274579331329,5.562341289351864,2.39407623786537,86.0653990995655,86.03357306268094,1,25.07199106992316,26.57006671397054,31.124647573331604,31.124647573331604,3.505621919781996,1.1243590084865192,76.93938991127445,77.81849710427329,2
DOIS UNIDOS,-7.99319,-34.91076,12,26.36951676104361,27.554515730569097,4.247648447877748,12.4205526668414,2.3211776777145587,2.0225236203013885,73.10237650446317,79.46585083711292,13,26.71194671991625,26.38351876545885,4.104652645077493,13.021188299968664,2.4088354764041187,2.641498625655811,75.75728351203122,77.07123867272956,5,26.30869941813377,25.317740110456707,34.59517593200944,87.81394220335267,3.305679060705014,0.8053784326633879,85.47773385154858,90.84045562151924,21,25.59962173902183,25.85124870457436,141.32921210461572,319.34695962246406,0.645215595949353,1.76536535779007,88.59096164577853,91.9277777582145,1,23.735192900385112,24.94077972370841,322.6580523231375,12.11668042308316,2.240791446497476,1.693696094516596,86.51634864651463,76.71384932012514,7,25.25947731032216,24.76330700883771,41.871705570941856,41.871705570941856,2.964857152107594,1.4428763147565502,80.79247944438028,79.18890644641385,3
ENCRUZILHADA,-8.03675,-34.89084,4,25.00137706115837,26.531026758624108,3.49045943415821,12.559224611494768,2.2889854105790035,1.3289200253858486,72.46609855439519,73.11542328652718,0,27.45117749647328,29.0458305762146,12.460863826406635,13.525675846376146,1.3708635753912128,1.9575642037892096,78.37641460238416,72.68576176543476,5,25.630289398621077,26.858717084376416,47.94297010754059,158.73447892786567,2.274390645615361,1.653821570595015,82.84426659132055,87.91112956279608,5,23.966532318476045,26.441324515347247,176.62105867532637,126.13484349831064,1.6180821839489892,0.4826634319455158,87.10376697890287,91.50125600042458,1,25.810629169939435,22.94839961730504,313.5184763389409,113.8641226911007,1.600355208075598,2.6050801890617943,83.12029463597949,77.6985312718709,2,26.68881460697031,24.088800593841043,39.774309431685424,39.774309431685424,0.9558543009802634,1.7002397274332472,73.94607854923926,78.17122507947863,1
ENGENHO DO MEIO,-8.05662,-34.94239,2,27.16881128294044,27.777375686029306,5.222826294353163,24.79046540156871,3.6356131715043896,3.8639376494584745,70.08416835563446,79.9504331799411,3,26.880159082022285,26.719864266827937,14.678821858334253,6.407116001075004,2.464297246572706,1.2008337811534706,70.50730638394654,75.52562208997317,6,26.59147226876912,26.31019397029015,0.7111102167312069,28.470560096653657,2.733766888254758,1.3317034275438238,78.95291536059236,88.27764893194875,1,24.50313109055697,23.73736108571863,130.04790838321324,273.2902438661004,0.3706879854280412,1.6816686986577083,92.302742828984,95.00968073173205,1,22.77628425804017,25.936537009080787,402.7432607048134,23.73096028534461,3.640062762341537,1.232592587436615,85.67095590302426,82.78454279233745,9,25.62336712716724,27.852414988887183,14.658089488987944,14.658089488987944,3.768713856275863,4.997759261814386,80.81164136208992,84.90284203500035,2
ESPINHEIRO,-8.0429,-34.89125,4,28.32449519260113,26.78249405051265,8.65524975899461,32.06350274894682,5.6183767582177335,3.625724136135475,71.86960256118712,80.22072927895266,6,27.347587712398603,28.49204371414859,8.430536719353674,0.4444059574206696,2.4335096650069072,2.2928517547011804,64.13617440398492,67.89685238538488,2,27.239119641838787,27.32791906102399,47.59273611282897,54.178532937062414,1.167787748190917,3.5865307987797497,84.42755216504682,86.77079078466205,3,25.61820576734864,26.18015144994861,96.10658360825654,230.16578079997203,2.00409076412467,0.7724274904709794,87.55445495590767,92.41208604567898,0,21.617608126047312,24.00587658748004,289.08024898348503,40.28223895332761,4.763174108783391,1.1003704230457474,83.93228686318865,79.73974006346873,1,25.42783935712209,27.950687771116755,30.025559538621813,30.025559538621813,1.2316422105504112,0.321877068692618,77.0718906949261,72.31470388124228,0
ESTANCIA,-8.0864,-34.92908,5,25.275278880235547,26.86650474216941,0.7271424703434142,23.654582391916254,2.4708130135619792,0.1025830351075274,72.28839830573403,73.33919624444354,3,28.937031901131437,27.586701343389915,3.9001976995597434,0.6592263305441426,1.2539532423695263,2.509481202160856,65.41694015924797,75.24305139184976,4,27.13476985200743,27.360533759306456,45.26169421211583,117.8080759458814,1.3480625353098692,0.2511298799848822,85.10708081318501,81.2739949087121,3,26.02263259168036,24.206335352563343,149.92874135416162,231.4379873540591,1.2919859011128576,1.066956323584794,88.82253020071533,91.82899007867924,4,23.842818468559283,24.73458711462896,137.02625896036983,68.0872418360777,1.9983157460044447,1.3639183275042936,85.32540892963242,86.23067346348542,3,23.62061326240106,27.27157221619284,6.5410380613116175,6.5410380613116175,1.1557197125907674,1.4265367251393788,83.7022439230814,71.97386244715847,3
FUNDAO,-8.0149,-34.89039,3,28.5653876966593,28.141328724553027,4.587322527098301,2.3010033298467576,2.0989613684591286,2.550252758433156,70.95375724585266,73.5645472723603,3,27.312079323944136,29.342101284194417,1.542247324973366,5.0729304750438455,2.7298471795535915,0.0684297177941271,69.70667097223708,64.72288062165197,6,27.842866637564285,27.092448037506493,65.52333536501743,117.82387561172024,0.3798503205450616,1.7422033672655737,85.34672021614351,91.4826909763985,7,26.9688440823281,24.319635018269683,212.27743812783905,179.7618724710451,2.7347078631741786,0.4207330056064924,91.47558640861875,92.08046039209628,5,21.66100419213049,24.745488673418656,149.17610717154218,37.81884848515405,1.4002527497862414,5.8237020907562975,77.99761574002389,84.61048866317857,1,25.516408304673927,26.383179718102788,26.344581598476157,26.344581598476157,2.1755367469492937,0.581778900982852,73.83766989646261,70.72432553812426,6
GRACAS,-8.04556,-34.90072,2,26.801765384069988,29.03955167167257,6.562092324263238,1.9529878710426924,3.914451384817159,2.0791630003093564,70.91718112666535,79.04767073523305,3,27.658938051729724,28.421503967126075,5.146303884441828,13.970408941052291,1.4648244212297403,1.015045236789814,74.71239334613543,73.1477564993681,4,29.795853211396484,27.11756948802026,36.55439150110904,87.12702580040767,3.431371294827483,2.7627937810839507,74.25753424255916,83.83737077127665,2,25.600559302951385,26.098463174071483,99.94471179346274,243.97052258327588,1.2595606179791397,3.418458802283179,89.67916488922766,90.41261845354596,2,22.863059156060267,26.69188840214512,224.0363731542976,85.74310295948256,0.619498465085061,0.5288261175145781,79.05096926434175,84.77836936302411,2,23.54536517042732,25.93160763136356,30.1828744921174,30.1828744921174,2.589687680736869,2.9897875627458435,77.87038722565525,72.49456076312934,0
GUABIRABA,-7.95329,-34.95374,6,28.649997786393836,27.432788328133206,3.7808234982605176,12.655515877789416,3.215384602149878,0.7796782635228319,70.82390217836115,78.54847377425875,7,26.584862130198125,28.035284177707823,0.6016423594446687,6.874072321184823,1.556246704726417,0.1114714864792356,80.181419459511,78.76906716989687,6,26.56794159172508,28.31755870376528,60.52135652982171,76.24953275419821,2.162963069200352,1.2649995497887987,84.17847364769797,82.5943304150728,4,25.55122780718462,23.753189796985037,145.79890111813285,260.38370706045487,3.021039697660629,3.61844187817683,87.40807448784628,93.2057259298227,2,23.99880661713109,25.27308315754049,171.12068395757348,60.80688666647408,0.4957315812243144,1.5408609354661529,82.38176697993312,89.51751057651566,0,24.31107109288664,26.02083940325157,21.924104565464937,21.924104565464937,2.022575158129646,2.310395848259716,70.31173944344286,71.75617233523654,2
HIPODROMO,-8.03258,-34.88711,1,27.721681774388703,28.1822770336982,5.118453824242954,10.251290715718609,2.90296978874684,3.711958362159838,74.94801672285006,78.39864073876018,0,28.3299606608413,28.15403364466729,7.135791327692822,9.278755919335232,1.0600399384992056,0.7894854834531346,77.1802458241675,77.3794231656526,2,25.81713870005207,26.908552981714436,63.31241230847464,27.787489504035577,1.243751298895421,0.8938395356533826,81.66022260884779,90.9798727711153,0,24.64033355834982,24.7103646874938,130.6448079744766,172.39283426005912,0.2289617638181519,1.2185849737316927,86.67870585379275,92.86018701252638,0,24.436910374835847,24.80501184282758,99.8720492069272,38.80764015892887,0.552341659021429,0.2489685914429449,82.60517657395883,82.93570155417478,0,25.673048553177832,25.683629838345315,23.450118834109198,23.450118834109198,2.3412718808506776,1.505402350035461,71.90781892954928,75.35740614056601,0
IBURA,-8.12236,-34.93214,20,28.79331823916119,29.60443034716567,0.5813634267068819,20.982878686595598,3.5801924151077307,4.926728252948015,74.36458467102484,77.82478981450774,23,27.723840996487,28.492953374567666,3.1242372295692813,4.312711828252649,1.953316792190229,3.7684832399804735,73.61604099582003,61.859648815621696,24,26.763362397085597,25.32346351294387,39.22593261516593,107.58285055493396,2.038851045013894,0.0595143495152561,81.95827247965774,85.5113184549011,32,26.62045155778487,25.232118723448256,113.57219502748131,213.78336501669676,3.000861220790332,1.8296166570134988,91.19677139628476,92.23942231400753,34,22.91721590334911,23.687020237822427,228.49227704803232,39.17278287798279,1.6467116128171295,1.2402780701343663,81.51181483111992,80.97620102412529,15,24.194136173862493,25.06830804608995,25.600234294090857,25.600234294090857,1.9603309164375056,3.953743775803073,79.67272736303642,78.24423499441474,9
ILHA DO LEITE,-8.06571,-34.89418,0,24.64166774539443,28.28320626871593,1.9828533225810825,39.27814764253165,1.6398475504993546,1.3210480218113627,70.70111480858236,76.50419384972763,0,26.51692638570677,27.580527071989327,1.1422453665080343,6.237445009732998,0.7535424457964426,2.594862612589721,76.26888278057474,84.02523483763203,0,27.841833515221413,26.87946901271184,30.61647104783944,82.7107836409582,1.5968733251357654,1.207958529291964,84.2062953656912,80.35723455703567,0,26.529057869662548,23.958243405717955,144.1003360795477,200.30711970390425,0.964702636669688,2.1189536096240835,89.68440604807965,92.97323600982456,0,23.781110665667637,24.085949451063684,165.44260965465855,45.86530310453506,2.507206139627148,3.288140826333352,87.0342896379279,87.56117312029829,0,25.04966181794209,26.874420471154057,25.04110327917473,25.04110327917473,0.924361536851495,0.3667827624326158,77.0387771264727,71.26478385483648,0
ILHA DO RETIRO,-8.06375,-34.9038,0,28.02765219016282,27.521583653470746,1.6138813914056325,10.4096477952214,0.9869933398971692,2.4428565228922667,71.093802409862,73.33867958001392,1,26.75812307829649,29.800793350381536,6.158530813974005,7.560230232359225,0.2466111830391526,1.4124711034910509,72.33831500368737,62.97902720876993,1,24.7310080346396,28.53203680704916,14.825953851231898,137.780038987823,0.7194406400153295,3.2871422986455165,78.35640206290729,83.97073934388487,1,25.25695286119303,24.86354909216527,66.05115589699575,346.6786654746829,2.3191173337517017,1.5723312142835937,88.15613634859686,93.10101161761229,1,23.469842014981403,23.479686158603663,172.60227525643873,66.22548512776403,2.8071766528760973,3.7071601572492,87.85945427444602,83.89403877102475,1,23.486106262816406,24.80987760782449,46.95367035247604,46.95367035247604,2.2000624984663597,0.3733360980535374,81.92309507845262,75.41734758011425,0
ILHA JOANA BEZERRA,-8.06975,-34.8988,6,26.6889181281288,26.361254682643928,7.052221345968642,23.671157682472664,4.457886692383116,0.9044425788139984,78.22435845840872,69.01355438123613,7,29.1750858247893,29.050274850102667,2.5010315027323644,3.1461762517816165,0.7461420564050167,0.7972756312121918,69.57439095703315,70.69840474801157,12,27.332347562373656,27.457498264974603,84.94065589131107,116.00567923864878,4.79960490989028,0.8109355756592893,85.21536075266022,89.66764897346819,6,26.321102616494176,24.098769673676166,105.0070332140081,242.8664801047072,0.1098133549905002,4.066988880559107,86.97462516858448,91.92188785159216,8,22.644524043615608,24.40011378423653,249.4979385441461,100.40602525476628,0.413660489600353,0.4962393438763206,85.03499472708651,81.00639535303257,6,25.32435516989951,24.225333375918147,42.89132480072859,42.89132480072859,2.1937263046134348,2.501368474264745,76.53170668012866,68.87864321156901,6
IMBIRIBEIRA,-8.10284,-34.91086,11,27.430536432159663,29.509652002316752,4.488584798886135,9.645253517077055,1.0921996190067431,4.66539666308879,67.79613218375471,73.61485890765425,13,26.978358072084166,28.35841121243213,1.376419984768651,5.95505172030759,3.490538810174375,3.851214403077436,69.8463246629695,68.71849758100424,24,28.74073639069193,26.629058901235037,31.27523430774841,135.35630734739607,3.910317574441721,0.7538129501400317,80.31473298294675,88.85812300848536,24,22.92225462986248,24.723595868975387,260.5666475185018,225.721317573811,0.4219892562435156,3.195942726150723,88.48118966347775,94.14108849987156,22,23.868811234558358,23.587914304541957,205.6585275790621,28.56086982640406,0.9502575306969854,2.048665484278024,85.01315106975137,78.38727022096076,18,24.16859712783741,26.6235636312941,43.076452684525634,43.076452684525634,2.114436473237146,2.8814893819578584,77.15699654199034,70.67293639164417,10
IPSEP,-8.11023,-34.9199,11,28.17130562042933,27.887370321267163,3.868262522407797,19.857020141306705,2.959961683611824,0.7780396689024631,71.64625405927958,66.86698347031354,13,28.544085050074468,28.96480548663376,9.34166860515829,1.755781887918391,0.3925562920678354,2.909528784854544,77.07443620324457,69.38151016885395,3,27.225010607319238,27.217681631192967,40.30378232915188,152.01109424684785,2.392502335114119,1.0777361654502229,82.15586488279648,86.48391963948939,5,25.09360666193248,24.355611752401217,120.65446084404454,170.84184395989433,0.1610887908101607,0.8315273215300749,87.32657733251762,93.0546544209358,2,24.34953096128187,24.943066527806227,194.34751307172525,39.16074807576889,6.016994102980706,2.2138414212066344,83.0826113908816,78.86054058675546,7,24.27533018066336,23.63811564433508,53.073212934547485,53.073212934547485,0.6198626490867707,0.7891184026587048,78.78180643872128,80.61579433035268,2
IPUTINGA,-8.03983,-34.93734,34,27.23284096505949,26.25622159676625,0.0797270813518791,25.66909324616499,2.872245712862496,4.065013555977755,77.10539375143038,69.6580176848403,34,28.541583665538887,27.75151930898622,10.251991464829462,6.540135724508001,2.0900792396851813,2.1240433116757225,72.1478836714575,75.1803151467879,45,25.22376234451866,27.98884787581205,16.2564461050807,104.26144469674944,3.559988748408508,0.3605180917217907,80.93830061867313,90.63190734573202,42,25.477662776188534,24.866212417458552,284.70745115544673,248.22165985212175,1.781184807375506,2.045001429409191,87.11725496368416,92.50044491467484,24,25.02145704232101,22.818400530699925,85.85182989026909,45.90644960369949,3.569237328978714,1.5318676893297514,84.9907879285396,78.05588498422489,25,23.746938603009045,25.617989514350544,32.932514247387815,32.932514247387815,4.693225022519745,1.332402329586336,78.86247874307423,74.03928398202372,16
JAQUEIRA,-8.036,-34.9026,0,28.50164341678779,27.39158746973793,5.294878412108465,13.44419137166942,0.1706808333218576,1.515636653985554,78.86799089133054,77.04396365225314,0,29.362445467281564,28.42333167785695,0.3789528668753048,9.9415703290423,1.3948228783590149,0.1812458134153598,74.1826767304064,69.18160870781597,4,27.52277805661453,26.862516299330174,45.43772044930534,110.58094126119931,0.2434291670566071,2.162082277208809,82.0799668038497,88.30133162972614,0,26.0427513097168,26.09368866005617,125.890976798248,212.97559674926947,2.2014392558788014,0.9433954211735384,92.41737117228054,89.77668610695933,0,22.729262585767625,24.14654943936252,262.70758532115565,71.19133620234489,4.466517377185241,1.4043999400032017,80.6480667907844,79.07486420739664,0,27.10305063819598,23.069861955603297,50.091610614841535,50.091610614841535,0.0150203684357663,4.749097889570312,78.36673420189722,68.94071491826779,0
JARDIM SAO PAULO,-8.0808,-34.94206,9,28.21681727769481,26.191104218879914,6.208967898359962,16.942441292114843,2.6160543883998275,2.280418225168352,70.3129047757219,77.53428397453891,8,27.9343638645252,28.68382864996932,6.209309809066225,10.570788064241926,2.822099419186161,1.8260388827247211,77.24889209418605,71.75172615895298,7,27.969249870744346,26.147999424798968,3.8091263861290727,119.25607087568328,1.569510934333318,0.8349319102672188,90.41207252479556,87.72386627350808,19,25.021957168962324,25.10745633959471,193.6785271115104,212.64117273815788,2.240300663693195,0.993023544306796,88.27867862652025,89.87892589765082,8,24.52697316463218,22.78029618046195,231.17962532076905,109.08855172178929,1.400890363072408,2.1132096765233754,87.2919924615002,84.2988887845086,21,25.255061962687773,26.151492038605905,44.35856873241976,44.35856873241976,3.827300171683025,3.956495410026591,73.10042223563241,77.55694910744211,6
JIQUIA,-8.0851,-34.92306,1,29.12966899479867,27.56972429812196,4.344009927544021,21.353246675610468,2.892164234750374,2.9258005250394024,77.58302645655488,74.78617683547374,3,25.707704322997404,28.26440097294043,8.566628320629867,10.094835726012771,3.874540164659199,1.5300075936894404,77.52021027104948,88.64512651059903,8,28.67085442136712,26.00373191522157,13.82224664644112,122.70752241875547,2.396708623546772,2.489771489931948,79.9497778854482,83.8883246820579,0,26.03126027337722,23.966530323071336,69.78998874474885,195.57592001548528,1.5804199557345897,4.680781847560685,92.9626773409462,90.86050550289904,3,22.53290679720725,24.186192093213176,298.36155912709404,96.4653651666263,0.431145382616618,1.542550415759004,87.1105541212336,85.82848578570865,2,24.88757348380108,25.73146386408223,53.8064084114129,53.8064084114129,0.8540260739651793,3.973019717480144,71.40996492075473,67.82971818347835,3
JORDAO,-8.1332,-34.94005,13,27.598830047440803,28.430985799782743,6.735639931967839,15.888791260776904,2.40236620554556,5.064478555543164,74.75228671315057,72.91469327320867,9,27.65463079123395,27.543750121306896,15.616650264022589,3.589575076548532,4.169513980840329,3.113874946059997,84.4802726789406,74.25903595960405,11,24.69125748099195,26.95920207165578,40.315768165626885,55.26191452047914,4.182073911583073,3.22838502420674,85.52767042954677,87.5726443063083,13,26.86481647236979,24.3266067567139,196.05613362625672,192.1052495803161,1.2239396108268463,3.733982472234897,90.65568578716264,90.4332795224067,5,26.00817422802968,23.842113161495,236.954982533959,60.53534636359476,1.6735361881873392,2.824043006391756,84.72526265176346,81.09085008420946,6,25.23010545133764,26.368487596472004,41.36665737703993,41.36665737703993,1.4173041672881603,3.459028461848868,69.51165392388985,73.77702646343715,5
LINHA DO TIRO,-8.00967,-34.90527,9,26.734214802973124,26.523988597424907,3.5957309123584413,16.8757575170179,3.902818777014276,3.143055087228908,79.27697983370838,79.39137182062893,5,28.55886542173466,27.82715287615708,1.307808502378803,8.708160698040365,2.3816260046715905,2.732737887648023,71.86811017707039,72.05680445723792,2,26.997476635194417,26.49742839045887,46.31367332434738,150.26893080885114,0.6692084290920264,2.5921557897145195,90.1393790967608,89.31751866774935,9,26.10736934469026,25.640089859311374,183.02014907568773,251.9348168533857,1.3496330792256126,2.267367254265887,90.28113291501975,92.06377827737964,6,23.609745544703436,23.932626177843275,296.01062319373824,71.11894498285173,4.005564530020374,1.5449726877626089,85.20826604960078,84.33302814269902,7,25.02594444296644,25.4272789425438,29.826507529082463,29.826507529082463,1.9904607035345692,0.5297772942926846,76.75039236434657,80.25040251070877,3
MACAXEIRA,-8.0119,-34.93115,7,27.04150732163152,27.90203254155511,4.428223427739603,7.202129574651442,0.4715598463167949,0.3839338547817945,76.3583662394611,77.33592792101238,2,27.517370463354453,28.28461140673306,8.641437988801275,14.927705851736656,0.5513727098847203,1.3648727326205503,68.37956456164311,80.09228698115092,8,27.103735166843048,26.958423852239694,65.39428000966647,120.97749640757742,1.943352012130784,1.5669304656976062,85.25008196352657,87.25387237180365,19,24.900823362015384,24.73380559049898,224.73478849548647,307.8320160520537,1.8542464825107852,2.2545306122623625,91.69342156835668,92.95398907743689,6,24.641678642616863,23.095479040829623,302.5724093702008,29.42283404078548,0.4321213295345782,2.663585023115425,82.56186433829578,81.10571681354088,0,24.999759592439144,24.738157716695717,49.97338396885644,49.97338396885644,3.0564451503150014,1.889854399324024,74.98794503377394,72.88148520948441,4
MADALENA,-8.05377,-34.90835,14,26.93299192460321,26.889143661999693,4.531320143976724,19.068984941650143,3.2912876542099934,2.020482177804301,67.23574454578038,74.08368038013755,8,28.934413343523747,27.90027315932741,3.5515909924202598,8.813963897101862,0.5983634295564471,2.2166607910265963,71.53336564122742,74.53765085283223,13,27.602249330031132,25.71134249420855,66.44889653355544,100.60394722648438,1.949381599482368,1.5330062280101489,82.10895194053991,88.44258132739728,8,24.599675690996865,24.03812693186506,109.13733243682644,252.80099193703504,0.7657524206874211,2.4776595862567388,85.90954285525484,94.5793414111604,3,23.96247472790083,22.24799779204409,240.7943215386956,50.518135511389104,0.4073169517466717,1.354651501822856,83.75868772511038,80.84950371222331,17,25.941549961135426,25.18423098816674,23.79457200962075,23.79457200962075,1.5685683205211978,1.5160287136746788,81.12275445550603,70.33432425608925,2
MANGABEIRA,-8.0244,-34.90296,0,27.584548934237286,25.90647992840232,3.905075258281512,19.036820833007766,2.364735657736224,1.2601033319874193,78.34640528883114,75.93115958984447,0,28.849793154791158,28.417857908572305,15.033865965039924,9.296461134255733,0.5658660794547896,1.4373562171870211,71.04001770508982,76.45386453257242,2,28.256960727043975,26.356725026458427,40.412886308375626,133.09145395721117,2.6431844821949637,1.794713005139969,77.56959472678138,85.8938830556727,3,26.168618737151583,26.102391269487203,113.56475531485364,129.45419606447888,1.1448347399663183,0.863924134197191,87.34604474694852,91.64682636408315,1,22.639518317437663,21.832003298657774,100.24473988139148,47.9643138573871,3.2622987588051906,1.767369467699712,85.97541845665664,83.10897754308868,6,24.413560600086047,25.16661688947988,28.788303548033262,28.788303548033262,0.4335746838008469,1.646898207872724,70.15395251745728,78.09243304916002,1
MANGUEIRA,-8.07673,-34.92049,1,29.439787613182403,26.623006251550372,8.194134457427143,18.74567015377917,2.168876564946215,0.0598476263449376,77.801787045971,75.55808904109465,2,27.77212974377636,28.28035357279714,14.186342967707608,3.934955413300981,4.4505504189963165,0.5726803687411475,70.44838387332346,71.92592122430571,6,28.80924839065281,26.14116459463022,52.69501855174208,165.02493945195752,4.6593426421542095,0.815600713020502,74.38151174270018,89.40254797013775,6,25.02095885794745,24.96249595471974,73.49727089098407,421.4100734450148,1.4544671086480114,2.458381623299953,89.55277745950318,92.04201066545669,5,23.580193217125565,25.95230539588004,173.15082320766336,60.37418460504127,1.4896496587514862,3.171160259679373,83.78333206485534,81.775924889968,7,22.88156514809881,25.938013574754937,41.51509280592238,41.51509280592238,0.5030426698261523,0.8590919727682016,76.95786976433286,77.33492667945481,7
MONTEIRO,-8.02634,-34.92878,1,27.1280765724812,27.905527520805617,2.432312563537148,10.8179692808262,0.5094272316441533,1.29745825339059,73.0556062663293,79.56914931346515,0,28.494600067641763,26.93483788830764,8.124085946560273,12.061981609591308,3.591771724374836,3.5942833438767563,79.41553846273682,75.11603085036688,0,27.748849682902392,26.96074877304774,16.37118778529783,39.08795728053977,0.7219309243736363,1.1343050727600812,79.94261808201325,89.57728033654352,0,25.404379186152475,24.564166547425447,114.26011692503587,234.18015316541053,1.6233068471039398,0.1118266244288475,89.43381144208801,89.7004896555043,0,22.755902883566627,24.26057394545923,285.68390240924805,48.28415509907025,4.223467590079973,1.4520534592177188,81.4424566228708,77.30355564853265,0,25.693188515961488,25.732232195943176,26.69350021535036,26.69350021535036,0.627940665950345,1.3446405338491974,73.1872311319802,71.87927576477612,0
MORRO DA CONCEICAO,-8.01929,-34.91449,7,27.539091261293382,27.830810504361946,2.169490284484532,12.541170286589756,2.556048643379956,2.380976882329935,75.93655339194738,84.28449301457196,3,28.06695507232233,30.46250818007606,3.162355602069944,1.9254078282683773,0.2318966898083625,2.958012916085268,75.10780083102092,75.31217681245353,2,26.688160312593364,27.37365148683801,29.792552106100576,155.6080253183075,1.397216328989457,3.848978084153953,85.66096993611063,85.27839852971391,3,25.04316621918136,24.476276555514737,51.59962567961552,268.1182483942928,2.8073177964524483,1.4946927301153066,90.7881650543582,93.91813689985126,5,24.019441425676835,23.27730676861288,217.7907060567757,44.61028582671577,2.1836765868881924,1.073396967368657,84.51922080589793,88.53332658341563,5,26.044098439691087,27.50377005501208,44.894480371292985,44.894480371292985,1.8201160069010096,3.0400426122106645,78.52092904026402,76.7480497159642,32
MUSTARDINHA,-8.07236,-34.91851,8,25.843701989846803,25.05304353733931,2.148140704672944,16.27060514043965,2.3336157928828376,5.185979452151459,76.44693526219035,72.48074533365889,2,27.710169325995384,26.71294240171129,5.0926073137795065,11.179078676305698,2.107194893779431,3.3771046478728515,74.01436956139716,82.22083431987734,3,28.815723995529183,26.4273510798209,22.148191113054395,95.81349241505816,1.3058773778776047,0.8875251561883013,85.23596964430014,84.26559893470792,1,25.02810570714821,24.759536948474288,35.15257937045584,264.60966543358694,1.781942165888288,0.0646061973006977,89.68967524206668,91.3678658368764,4,23.857537861329792,23.36754956396261,315.79894234075766,55.316957294712026,0.8225491352871078,0.1042115871260529,87.4327868803131,85.86181581619589,9,23.054654969033614,26.744019122794164,36.369277550936026,36.369277550936026,1.813107080410264,2.060645307002173,73.99167924204387,74.88719947861566,4
NOVA DESCOBERTA,-8.00044,-34.9304,17,27.72625420170061,28.360552367513392,3.483739295778784,18.6947049477048,3.254777273199389,3.168524008315833,71.52070027465024,67.47158512387581,11,26.09410538134688,28.81529132076259,13.957713832872583,1.7703189559218115,1.0547482007877398,3.990583734066544,80.59473600855323,71.78376690060756,30,26.465692411028275,29.222493534606457,58.0352188985857,80.42017546106771,1.2411394652033485,1.3775149586445792,83.08847649864911,90.7503731911698,26,25.807350178353914,25.676864368726843,125.09786672536734,122.96413436499952,2.9167546327179106,2.5974511160029983,89.33096596959932,89.76186362773458,13,21.66338653680656,23.520168642599977,260.5590725375004,58.75690353438417,0.6505157078867443,5.077432875901204,87.23229637712431,79.39107242837618,3,25.05146548572055,26.14989123096565,37.40627434197228,37.40627434197228,5.181905063684408,5.614535008484895,71.21462071683145,76.26882535607997,12
PAISSANDU,-8.06284,-34.89875,0,27.15087992797035,27.13867764266949,3.8939327841063447,34.101804896205344,1.4387664038628545,4.673570401169137,70.93330163450375,77.11298360498431,0,27.32838097318232,26.922200084843418,10.86377577498756,12.151711059422237,0.8464892601498959,3.339775023796318,65.85302313815978,76.73796901449757,0,26.662507802487667,26.883114307962973,69.47971526428714,48.6987352629198,1.244785272212406,0.5708372899562542,83.70500756974869,86.93719370479583,0,25.537983207289347,25.17415702123618,127.22319516878464,277.2166522132533,1.0769451683675326,1.0091445146706692,91.3493041959249,91.17133483281263,1,25.32333233951401,23.20595959781219,302.5589059601453,60.50047600014271,1.3332259210019135,4.72321294115497,89.66736280409486,74.50053823452129,0,23.530950408272467,26.062762689649503,41.19947398170874,41.19947398170874,1.2894229406637443,1.912081384248112,73.81560368598977,72.19985482834944,0
PARNAMIRIM,-8.0339,-34.91038,1,27.42731742934495,29.27160587369668,6.529097493527976,26.431490031135542,3.9479521395486303,2.4642011652469487,65.42958889910275,79.0607916708308,0,27.101459481249147,26.952351553979597,9.50894488066737,8.374247909715407,1.0449167958824457,0.5094070812658038,80.11556490118927,64.6216346113659,1,25.86616078220396,26.74229912415353,50.37560794118809,180.184716426728,1.3157661925632782,3.129401381778851,73.97694401679072,90.51714243262585,1,25.556114480664185,26.27802741100717,228.6962144252641,182.98852244216124,0.7733305660634096,1.728157128062473,86.80262798194694,95.40762664607723,0,23.81121369033438,25.486394890682423,207.0506935560085,45.355022227956056,1.5342944737655826,1.7963260869889632,86.70967336052422,76.99384923138088,1,24.56916873572987,25.301480415175646,22.722004902166248,22.722004902166248,5.557394914898601,0.7729835593271717,80.25515294465083,74.97138713155623,1
PASSARINHO,-7.98182,-34.92316,9,27.350867806872905,26.72325427435649,2.881633812749937,13.06497270657114,2.781349063507483,1.914462689141769,66.31520372546453,67.82635749706692,4,28.553705501041037,29.32790810581558,3.4877687701844104,4.6025209504002325,2.5727843097955216,0.1040833558588887,69.45628732343509,88.05889057992606,11,28.733426487873388,26.591002941948368,68.95030006600872,53.99810893563627,0.4489290325055164,0.2373020383680297,79.05152963042903,90.60681395018612,9,26.315950823271987,25.762466404967004,115.32905501723796,164.02800858580025,2.35251110680705,0.0183061698432722,88.32102930407218,92.53666273789504,5,26.048629266429217,26.353657550035308,275.8106564394775,39.22941003500702,1.1254729217999044,0.0429968619736789,86.84848401830983,79.47144510481054,7,24.62374177225976,26.926190477459137,26.485873047987027,26.485873047987027,6.463697243687755,1.1380486679004689,82.44944216924473,74.42552958431087,2
PAU FERRO,-7.96679,-34.97466,0,27.413889976754344,27.184763742223176,6.11141229235843,4.839431277684673,1.759420483624521,0.3204825489896947,79.30040546797986,79.03256269436254,0,27.54871601433207,28.88758500669996,5.383420378454114,12.052009752195122,0.495250003059253,3.084938476062507,74.21990094892077,73.40883299743747,0,28.45723463831509,26.30402557050792,29.41788436993526,187.89373084228853,5.250001430894366,1.6318525437622962,91.67850395720286,87.74924233675347,0,25.44308332946752,24.542225818737467,186.76095084592225,164.32759993859372,2.01677672363377,0.5116714286330617,87.86655393788978,90.79849767202384,0,24.56331567734223,22.449088464524724,283.763011463852,60.24210198454337,2.4976428661961787,2.780963376563827,81.91185373934019,73.00839343594693,0,24.21998528654013,26.67623182539839,8.408674455071186,8.408674455071186,5.335893384749801,3.0672886844626097,82.2498544123423,68.35387723226174,0
PEIXINHOS,-8.01818,-34.8769,3,25.7135798140356,27.05705677590097,3.519367527595006,15.274427956504466,0.0182272164346946,3.291240349831314,71.47639545615888,71.38257893299595,1,28.31757762196745,27.97263250178618,8.437255720170548,7.524270140596756,1.1832770822786451,0.8443763704125309,68.85191552041483,68.99183159529701,2,26.830814368284912,26.60176344849111,8.844501940571341,80.81891997049428,0.0137520916043991,1.2238509874283725,76.8547398968813,83.73972424683471,1,25.083880318965484,24.485500500172467,128.05900403226235,263.97374410477494,0.5456059466508287,3.463727244736172,89.63783845519644,92.21978766981977,0,23.31146413874456,24.843786713385292,139.18122190197784,13.032410390568543,2.414213323706983,4.622910622595422,86.11892535315633,83.0876362047154,0,24.413255945473367,27.17158141377754,19.500784791311045,19.500784791311045,2.2970846017600293,1.2023434595035047,71.9086478598538,77.89020913317411,0
PINA,-8.09633,-34.89466,7,28.034186796158,26.76569447833039,1.4198466628789754,22.624209922022445,4.728574254545177,4.474379072994448,75.78894233202307,74.65922565077989,10,27.652338722509604,26.449594508812115,7.846684685870063,8.911685071288314,0.0192845548651321,2.560242516941667,71.24814758120007,75.2572925277838,11,26.8530621002472,28.548368101465943,42.69735979363824,61.83733558605224,2.999224548936624,0.4765764868416469,81.56743578153099,92.58635699462832,11,27.173012131819565,23.58278472086221,119.58635101442512,218.5043073410459,0.0708140233812273,1.1978436696120351,88.88347937709611,89.27708630952944,12,22.810559386633173,25.195094113689816,213.62326590435137,35.45831351293344,1.9435899959848035,0.2822975488097847,88.91025456000429,78.45297322019098,4,26.138616864537138,27.07061804644637,28.218471341995937,28.218471341995937,2.958397439073196,0.6584735111175175,77.10730093794704,72.9682329039268,1
POCO,-8.03514,-34.92384,1,27.864015231510347,28.50822352312282,6.877945847056997,29.716565926542835,1.128793220335849,2.175081350502007,71.10004035018929,69.064324985047,0,28.49668566931333,27.254470424973302,0.6982880995425491,12.429002341922946,2.963816152712141,1.3321473744801524,79.64809539812043,78.14711906893423,1,28.46314879268665,27.33175445850606,32.016950175027205,149.00836639808213,1.7672496643518376,2.515742719827374,81.91457474335408,88.92047823934963,0,25.189404533535523,27.41910731168844,20.425174444115957,190.8092307283487,0.8003545148629072,2.3919336161960407,89.97665206718534,95.56171294074224,0,24.844134539333837,25.717266649615368,146.83268361007885,79.35387993323621,0.5741499700804671,3.013594706254531,86.3301491745771,84.47461960659605,0,24.1665454109821,24.417646576323914,61.52935582286226,61.52935582286226,0.6158966930277883,0.9337940508150137,73.67548403879118,74.59396464272695,0
PONTO DE PARADA,-8.02971,-34.89308,0,27.68421442492969,28.68660444457996,3.02784064511808,27.152350099903536,0.1597319403287267,1.0597200744619633,74.87652794097725,78.22725822404324,2,27.92163531850561,30.24095361167153,6.050661414881307,10.265898340682954,4.049654608807719,0.6480156742113841,73.86402309973064,67.72538113346037,0,28.120533579859316,25.823129482149263,71.5691080787662,220.91294346118931,0.9891332393991892,2.0006354138057656,84.29880283430653,83.41535361657176,0,28.058353008990466,24.896243050383347,84.77249196721216,218.5550238902761,1.2612512713545638,0.2292042542210036,90.69079505436224,93.54402461502276,0,24.47827442549482,23.858155510102783,163.6053852763463,55.21779934321218,0.1038970188925811,0.7645906605069613,83.0285932207981,85.72161984731794,0,24.012545269760835,25.835766733172047,50.44577102527612,50.44577102527612,3.7414642941016063,1.5004327090185332,70.5398289889672,74.7003317959581,0
PORTO DA MADEIRA,-8.00704,-34.88833,0,25.765837476493115,25.88524596757872,6.0873764333845255,6.516998266404508,1.502544026212514,1.1062980540387253,71.86875518783769,77.21394219198581,1,26.708582519693618,29.272457271023672,14.68383765450296,15.84717944918312,1.314010316856728,1.8416018386058832,66.71220131406506,80.4020243391218,3,27.963538881890177,27.4136300946225,39.03568945674246,90.66642240743714,0.2264765591656155,1.3505628957197853,86.67057583707441,84.09228595177397,1,26.07563889952228,22.41655672579128,153.2127361885429,189.72448382875916,1.7000173380185553,2.539145183872777,92.09490213985204,94.11195118238088,7,23.59584449908072,23.78341866434485,281.45275290130974,82.77312623231938,2.260243134805281,4.2459325871147495,85.83400904277983,74.94917974451593,2,25.75879721120525,24.89636180780695,21.144256373339,21.144256373339,2.319651782020126,2.4836937386373754,77.84561262742427,78.32742357546027,2
PRADO,-8.0599,-34.9139,4,27.55033396217445,26.993726412433865,6.579315490374777,19.799165625139416,4.425835024824905,1.978912912152436,78.23006490028897,72.09883947630047,1,27.823064030548743,28.39864259613228,6.253035731236743,4.717811852655602,3.247820556556197,1.0931574483346165,71.2145063212307,80.05850115750597,2,26.99833991134985,26.229565983784077,4.763558743400736,108.01184493462809,4.811088515842997,4.646339671870134,86.49115549330048,86.30777678294567,3,26.018602776011598,24.949274395912774,136.3965393654562,64.17994848455399,0.5042312500170237,3.678201009575077,92.85904493177492,92.53581775444182,6,24.258090261287474,24.08028244467631,223.6649230071856,62.19499384846184,1.0634050289568298,2.1301562728002463,78.95025144232284,86.99639805865047,4,25.231788549812983,26.37381472952153,21.618038928672263,21.618038928672263,0.9706107100648976,0.1946564703972946,75.41456921258819,72.51686256486336,2
RECIFE,-8.05669,-34.87087,4,28.30070983949544,27.31243773362861,2.5802451050998987,34.57938358871922,3.096523123257848,0.7693231407576415,69.90517133648925,68.12909469951458,0,27.100880844813343,27.4229286889066,11.77302172483071,12.959387939921516,2.624904603758204,4.2033538309535725,71.40559954372989,75.3300038488798,2,27.30728639933667,27.81877722105876,46.98475926961852,85.67801289232582,2.957932154883257,2.4759506665914808,75.33556722310084,89.70003091394234,1,27.05000407216872,25.908376293690942,248.5556532754933,310.72278875785054,1.1826185424458728,1.713256669080213,87.73425281618013,87.17421465668633,1,24.07382914936791,22.635054505936367,267.7328364198856,69.44751163750443,1.5427394605482132,3.264663204954884,85.81710559633989,79.78614878048731,0,24.85726881931125,28.182097801839777,33.9196847274365,33.9196847274365,2.3238499499150658,3.826674109640936,75.78082684874947,70.2240987037738,0
ROSARINHO,-8.03225,-34.89784,1,28.330496658218088,27.591511485921117,3.5613146411562324,7.263360711268865,1.6159071036218742,3.244230153934552,76.17900788687685,75.2027186089266,1,25.57785003484013,27.16546588231114,4.672280912982503,11.583852614117095,1.81389799429315,1.897591588953028,75.03532618317855,72.21605086412873,0,26.238658635863644,25.936892547416328,39.16150726294505,63.335225090821,0.1817636473756518,0.7735126555099314,79.73824941238306,89.40057170561154,2,26.56194067910774,25.496080838150995,117.4859277854992,145.68904900747464,1.8767497523467973,0.0431481939938294,87.05264494175732,90.62145851325477,3,24.339679480671983,25.416415587840326,270.39321509517,71.36763007044502,1.0524624485071965,3.965110960715753,78.87539124515241,79.89812482733925,1,24.307687727978397,27.053787893992386,16.256983471059385,16.256983471059385,0.6044774850367389,1.700600200819908,78.73906095077285,69.583268508413,0
SAN MARTIN,-8.0702,-34.92879,15,27.56117270311422,27.555597961994536,6.538694195541896,29.81542535435011,2.2818948220351163,1.0371624463068845,70.09456905205955,70.35908103632757,5,28.2683701356111,27.944834282183876,0.2450416085185756,10.102183962815468,0.4104945276721408,0.5372961545946227,68.36174496627774,83.62699936755732,5,27.61972252593248,25.58412741168049,7.945522486723668,109.37425297415906,0.1148734183179602,0.072406936126296,83.11510629355833,87.96271909692109,15,26.53964785887901,24.792396494771907,219.92853586848264,242.40522933651383,3.364400245925401,1.2219910602901418,85.34555619732566,94.20441375320144,5,24.673770133009125,24.874506276687267,92.68581306305929,34.927144749688026,2.0763691022354758,1.5093536757963144,83.63318019438768,86.56359873339072,19,24.649362403852024,25.63582070969128,41.647064117703394,41.647064117703394,0.5332455092301633,0.090456343749647,80.22231007840954,73.8693082641011,7
SANCHO,-8.08455,-34.9617,0,27.39226652661792,26.755443736097025,5.44678978101935,3.216208489078836,2.078438139472813,1.271319484854883,78.5402136618247,69.8948121324511,2,26.533047657233293,26.13223623509773,5.356961954152196,15.902346306245924,0.7295902892273827,0.7228280767067083,72.94627158828271,67.91237110162405,4,27.21612799921576,26.707960771316117,46.25174111128781,157.75754000906335,1.4380100310462345,4.227815837620058,84.16836986895768,84.18986929015684,1,27.74108771342462,25.14853552833524,130.10902008600212,299.87158146492624,2.289796146647714,1.9703119017227253,89.96801211189646,88.43887442716996,1,23.236642751709983,22.32533062981498,198.8565926928224,32.225118509939776,0.0123803759418765,2.6261244734611373,85.74077662796925,84.89565345706417,3,25.193884847414058,25.32330171132238,23.7219491985538,23.7219491985538,0.3463125657097061,3.787237288444487,72.82507429752516,75.1443565323569,2
SANTANA,-8.0392,-34.91598,2,29.703794290583417,27.49578753903493,5.693096960072984,35.660794942957274,4.975919373179444,3.840358531509401,70.67050568815323,80.56506921928262,0,27.50728148053583,27.752783896583104,3.8254154616697806,10.576703841071913,2.4524800235068227,3.4054945832972328,78.39292970098194,73.66440481225399,0,29.073205590916388,26.367052569683047,20.063436831728524,154.2219302447177,1.146096771254931,1.1034271741224588,84.84706701003157,82.13956531070617,1,25.63949276360016,26.58773654234145,229.41004409112796,238.0574060348856,0.5330750378939021,0.5745705438775179,88.65277367791421,91.67121410618596,0,23.745919253549907,23.44418203973834,109.11860382762691,4.130342617573405,0.0920387984135855,1.8654809748032648,81.71651297354008,89.7630508284052,0,22.87732942265808,24.10278265704729,25.049086649152983,25.049086649152983,2.87532529778181,2.483329534597803,68.28627100169825,70.172086006206,0
SANTO AMARO,-8.05094,-34.88144,13,26.42203897462309,26.613858449317075,4.413607803306745,18.92939210228184,0.9954313790564364,3.930755371781702,77.24998813989495,79.86337566004141,7,25.905828019586675,27.660082062690968,4.950154679131044,11.231224112860662,2.0273147475851148,2.5362812254119405,73.18910928984825,68.5747565873244,24,26.575220483056597,25.41267956730432,25.779830187310974,218.604093193488,2.0562024197840643,1.976529545627416,83.84104194452905,87.9098081294013,22,25.79410476993018,24.96219813964864,165.97192498798438,159.3574781853916,0.2305139850039849,0.8267821571747624,90.28980827245336,92.45653341560448,20,25.190239227908684,24.06658287719624,209.9932386085892,45.8380182939342,0.5606518037801067,0.9283344418481468,79.48501516439372,76.71394708133242,12,23.715981158720428,24.93877002419857,28.3539571886256,28.3539571886256,0.7401952860281042,3.342330811758624,77.32959394010683,75.82622447168222,8
SANTO ANTONIO,-8.0647,-34.87796,1,25.863853203194655,27.42754154360072,1.274200567244236,22.838385590461023,1.9563704620106344,1.7738473653451527,74.72059841068612,74.37030063884266,4,26.874316329708133,28.47847728242288,13.364502911950629,6.220581013353471,0.2683891999865107,1.593840286883052,64.74913556014927,69.98332810937856,0,26.94668525178063,25.540012469044044,13.879184930451906,154.5461387782212,4.372498669701684,0.505265926779222,82.07451219320478,89.51182997891387,1,27.183047783339585,26.321016147198563,170.25621646869035,216.98492143609505,3.836435744469911,1.1394434360105965,83.54185343636445,91.02116041322836,0,25.319618448437296,24.66393982282636,180.56650233177825,50.01414355534033,0.0927661281305471,2.949318402347928,84.18805220053787,83.22770734820942,1,24.510470322902385,24.13622063769633,23.86470848428196,23.86470848428196,0.647586513349464,4.349851136110487,76.07076894930454,69.33678858956634,0
SAO JOSE,-8.07042,-34.88082,2,29.03957350522192,27.31598241450103,5.171639593061551,12.902504093564692,3.615002129387508,0.5262419917512426,81.82574423545758,87.03740177277278,5,27.39319262430104,26.499167123206767,3.829998538903532,7.201070139263499,4.628066197408652,1.7283042083303326,75.37633761170491,71.77908966278204,3,26.949214532714308,26.50518862568496,62.54335620360614,133.5069357291084,0.6646355489712688,0.0620268059724835,83.67965333534075,93.05179812574866,2,23.453932179394062,25.161840445661284,196.4656453109062,416.2727503510064,3.3176410681412234,3.90839597157975,87.28312680784099,88.9963623560465,2,24.06572754913718,23.663394504102865,143.29636101867766,38.07692796834572,0.2810084272369411,2.7750731371354243,87.48742450205555,78.14385809290958,3,23.5751920772614,26.439075964373632,36.48126087551717,36.48126087551717,2.78004363149594,0.1936618102697702,72.47438260334518,77.07532744894809,0
SITIO DOS PINTOS,-8.01111,-34.95857,2,27.80184133488364,27.877723014939107,3.6298014464766952,24.105747709124707,1.0117265666677568,2.5022627017550705,68.61349443964505,76.9119294307394,3,26.37601622064984,26.50452560266317,4.343658837487215,5.391214351941169,2.959685331655513,1.950857168691888,78.72070254887676,65.37834841972015,3,26.156226937267054,29.37606544078217,72.50112426329305,67.14508560926772,1.3871702633234964,1.4815255647441836,83.8979440300883,85.39599724080331,8,26.339248490649734,25.828497436885044,221.6506555661508,248.0054974114896,1.434388272385,0.8086337860434533,90.86563666395688,91.43218798489802,0,23.9624358990127,25.22605944325542,236.35318158091476,15.484546670789308,1.9002914776092417,2.212142841183981,83.0042674760778,83.38477461010558,0,25.71168768556749,24.831968655107293,35.70579965901202,35.70579965901202,2.442375370067773,1.2296936939324,81.61036285335692,74.10450057016938,0
SOLEDADE,-8.05599,-34.89057,0,26.37952630317844,27.46724530875903,3.723750659549879,1.1684597454420764,0.3486673482095994,2.8203597995340344,84.32836112886984,70.37245115235588,0,27.92863440004072,27.7465119652462,10.078876235686772,3.599696524777414,4.620802552355464,4.413247282725805,74.39433362322328,86.60207532636436,1,28.18222392542792,26.164559766186567,50.23286976419394,75.146830714997,3.4776748406932088,1.3997653375979968,77.52400433653398,87.90268576766402,0,26.22862522370577,24.93616638005034,178.80949739880955,341.3661234090477,1.6556435866676085,2.089237266405062,87.51800677967047,95.14327439001654,0,24.071976620557106,25.2320559157402,350.84962599262815,53.82020548422875,2.4477651934246283,1.051640595299633,85.42248527743966,82.54149176474175,0,22.72286357667556,26.775103622848807,33.99472513748653,33.99472513748653,2.210435338286913,4.16804206169142,71.21551041525741,74.26649815872395,2
TAMARINEIRA,-8.0325,-34.90102,4,25.991078619513644,28.809031176337545,5.6143991894484735,24.664446060157385,2.862892993014004,1.3264810645585654,66.91808238731419,75.12843296544764,3,27.799023017678,27.393998043942904,5.092734356880023,9.578073205034098,3.670325251642344,4.783602469628622,72.08021532293054,72.94602653799603,4,25.62121606289073,27.78398511793688,51.25788040688021,170.28955776388153,2.755375153626805,0.7120439842879209,78.37304886049326,88.96243995829823,5,26.24697264367376,25.749694882884533,231.07930126128952,224.3739680312924,0.5813562919880348,2.1695362384464016,89.97290215221024,89.67303444670122,3,25.49728011928526,24.86482661481843,257.5764961887744,23.88476913570041,2.860772196145305,1.0845145055533698,86.28884663581537,88.89594688026963,1,24.39131748970821,25.77351495330178,26.36750899763121,26.36750899763121,4.857763931459757,1.339957140915228,79.00124385399123,77.99797765370661,3
TEJIPIO,-8.08694,-34.95511,3,27.313359003719192,28.619866287524683,7.034216281212643,30.79558824259224,0.5626412242834113,1.7358597207609687,71.66724292592339,69.69552861125901,5,25.61219828260047,26.731134677530708,9.508583859848056,14.829062744999312,0.7695415929210203,0.9303355334158646,73.52901408928246,81.75502924049901,3,26.75496850645063,26.254435211263235,38.44361873624314,160.71512265968687,0.6855008645572949,2.085616916471278,72.687645705217,88.99953651101842,11,27.07993041198658,24.33321814159785,120.67377264003945,294.1390002291671,0.529519408589642,0.4731137388625999,85.00210506214755,87.3532510743714,4,21.819298746494805,24.61744787727709,244.21003754265448,49.09064170272619,0.1463249711723073,3.480679226206359,90.10050030632118,85.23378126451064,0,25.84832945347552,26.04766999897912,33.51676688281479,33.51676688281479,1.160271362811774,1.5651732715148197,78.0004664469707,79.94329171812397,2
TORRE,-8.04252,-34.90746,9,27.579085921653853,27.30927612244038,2.667162719179249,24.33787498376089,0.7547274541886,3.5120324744024485,74.27749294487687,68.75746927181392,6,28.034504336566894,27.46671067592894,6.3624772791948825,8.52987772183669,0.7007279889225009,3.073956158972852,72.05403485760485,85.9828149485686,12,26.651184195722227,24.816811538939444,73.13638322141495,135.1019943404408,1.2025699674227128,0.3453715919843473,81.63498715248873,91.57598694936186,10,24.32706979308439,25.43203683720152,158.9550472898458,319.4424227046524,1.4468512165150271,1.7882400571082482,89.4600362494635,89.6855749996306,3,21.22985079230904,22.60443912504101,254.51041425781847,66.10151962938454,3.2970457619050197,0.1227978312130653,82.13288426043727,90.18518502602107,5,23.9293795493794,23.80155398835261,36.80560801748357,36.80560801748357,2.2562124757928803,2.4403194157931667,75.83910404879545,78.4830558577007,4
TORREAO,-8.04031,-34.88391,0,28.69283956420143,28.755728277999943,6.296155660348402,33.702058765976766,3.698037247748706,2.739995495703491,71.78936783578527,69.45430238289676,0,28.506340868358496,28.001712537882558,2.5258911672991893,11.7269261581945,5.431213358855676,1.6806352151807689,71.56566626089136,76.21373982177704,0,27.201105157812744,28.21295723173189,45.94523158636762,134.50472733065635,3.49195093082026,0.4470810990432509,84.90169733624656,91.26117088676514,2,27.68143419403565,25.283363930664667,149.33409755372352,180.35322351471805,0.977373535930468,2.0299058044500367,87.45058912642251,91.18410960597188,0,24.759708224036373,24.467914728981537,192.3905283234981,35.81869640047641,4.672948218139299,1.7969693090384702,83.5135533346376,78.21152196930753,0,24.08022917572108,23.90968139260867,19.769160896880045,19.769160896880045,2.1779034707540545,0.912390198523738,73.85666989040465,67.28444373797306,0
TORROES,-8.06035,-34.93627,12,26.100943645947407,26.117334973509784,2.429075970192777,36.26746094790752,0.0790004446399974,4.605993781542753,76.84847524367835,70.10401517942518,5,29.959962104148605,28.408561238136173,4.391339377990022,9.715853136912417,3.467937261696409,2.751775460800774,75.2251863236475,75.53101098376638,28,26.485607986624643,26.458327717464645,80.55751459426654,114.63455231211252,0.4449461794414173,4.016931115751111,83.3476272855429,79.5951730966358,11,27.260690141866597,24.081847627593987,246.85122335192284,252.4075395847568,0.168288109337783,0.4081218491793186,85.58656090522358,95.56202878489108,7,23.303128495475256,22.843987291796985,197.08422978708316,51.16467979925889,1.0093350192253412,0.7915565507134674,91.44643555432911,82.90852955322981,71,24.283082509142123,23.92606119093962,50.79337774334204,50.79337774334204,2.7887758997502994,2.7511655179333623,79.83347820678648,81.9799185528246,8
TOTO,-8.08192,-34.96895,0,27.66489588094058,28.497598665536625,4.813144791692969,5.708353228729473,1.3309064180007084,3.893167486872637,78.32496058472239,77.41398268292136,3,26.100633414308795,27.41279344860155,6.75100273632958,5.444564062962543,3.415609958639987,0.6570987222096267,75.73308419626255,79.3451538988021,2,29.91249487737408,26.662584104955585,42.38970553396794,138.72491033674453,2.46054220713368,2.379328924172944,87.1982688705696,87.22431817246571,0,25.986669708784117,24.96353238485737,163.85620062566406,143.12495082669966,1.9544008436254408,3.968902057735785,87.77691547085317,90.39553314270432,4,23.92338875151846,24.9811642208222,177.82814373153303,40.21203486933469,3.2581206343832214,0.1832257021538343,86.05147710392407,86.26864166464053,1,24.32833665431897,24.924412917592772,27.11728010300228,27.11728010300228,4.49576659335693,2.3858874630684723,76.17828168602246,78.01086557542142,0
VARZEA,-8.04503,-34.96917,32,29.094104290432373,27.03243590017896,8.83123492881598,14.571652438341822,1.3913265270744153,3.515660151596244,73.48986588687238,75.41385760449181,71,27.43714310443349,31.000291495944857,0.0723505301938223,8.092077730245578,2.3109984216867643,1.734693632553433,81.14576984379313,73.80674318500823,68,26.187704548228368,26.89137504173132,26.01664523574629,62.70762979007311,2.958212420166687,2.963165843703634,80.44160746210443,82.76743399406975,70,25.72746635714574,26.74093239878669,27.547184419403976,220.64843303422768,0.8772360953578351,1.0656560599507916,90.77722922196578,91.2014193791981,6,25.22875875050044,23.882729986001777,239.2956789772496,70.55794985396616,3.974857747253658,0.7111776739603096,86.96308152775899,85.00690386895118,12,24.1539835573414,24.913542613170417,19.884429887950823,19.884429887950823,1.1015638221149575,2.5266615176882787,77.64847695642545,77.96994126403325,11
VASCO DA GAMA,-8.01178,-34.91906,22,27.461975626910867,26.0528534732216,7.777531818310589,11.98672885526272,2.112094497825152,2.25990011519722,78.13472277806274,73.68934627435867,14,27.17637470176667,27.204690312029243,12.331103557258162,8.507909074543699,3.8928762576350815,0.9804690777220538,74.89612905758038,72.082096944984,19,26.349314797295087,27.04452136265282,35.31440002840433,79.13538989280538,1.7141146337486737,1.3852580924427524,87.63381843881515,83.06407084366019,11,27.28841436155444,24.90555574998316,173.84226042909307,236.600766266798,3.494619872406909,0.4116710311511586,86.927858544815,93.50689644742089,7,24.488634988267904,24.56147728971748,344.66149587743405,64.47332294066615,2.3184113050719795,0.418908422812221,83.78193567235384,77.09889810121919,9,24.871584744316948,25.552379010535493,36.65945889399392,36.65945889399392,1.2537080647714245,1.1896558827444896,82.18453147987647,69.01134884837403,5
ZUMBI,-8.05363,-34.91806,2,28.30613202630366,27.04149278090747,1.030465905528574,28.31784011665321,1.47726291468799,4.402081143370065,78.10989461465002,79.26022949559666,2,26.762413597655677,27.63506841550161,4.494305404018117,6.346823181543883,0.6451223000152237,2.8783494366688487,69.0539398502042,80.0591197373071,1,28.68833955890201,26.028804500772303,23.692209920038582,126.19909375796551,0.9005521353885848,0.9674401135656197,81.47217609959728,87.39050545152988,6,25.51654776132029,27.034916899699127,213.71629606611276,169.24275278506448,1.7975950235986615,0.330362645172473,90.4595554357218,92.4651295033274,1,25.35465108772465,24.105622676350208,188.07614646949796,58.46856224454272,2.2960549953196665,1.1249380776575375,82.23970573283981,87.98768236659716,4,25.2167288409289,26.32734458542668,31.810236758180885,31.810236758180885,0.6139217766379388,3.6844057275441298,79.34721582055852,73.29251953565725,0
